name	address	city	state	zipCode
Geralda Astin	8 Chive Park	Waco	Texas	76711
Claresta Proughten	0841 Dakota Court	San Diego	California	92176
Nanni Lauthian	9378 Thompson Hill	Detroit	Michigan	48232
Ramon Joly	7996 Dennis Avenue	Shawnee Mission	Kansas	66276
Bron Hansen	182 Scofield Parkway	Trenton	New Jersey	8650
Vivianne Noller	2 Talisman Alley	Madison	Wisconsin	53779
Enrica Leiden	731 Tennyson Circle	Pittsburgh	Pennsylvania	15210
Chan Maving	9272 Steensland Road	El Paso	Texas	79934
Theresina Fishlock	18 4th Plaza	Miami	Florida	33185
Heidi Pilger	1460 Lunder Park	Phoenix	Arizona	85035
Verna Fyall	791 Northview Junction	New Orleans	Louisiana	70165
Iseabal Erni	25438 Weeping Birch Avenue	Saint Louis	Missouri	63136
Conrado Roycraft	59 Manley Point	Birmingham	Alabama	35263
Una Whorlton	6 Lotheville Avenue	Manchester	New Hampshire	3105
Benedetta Riall	470 Farmco Place	Watertown	Massachusetts	2472
Con Blasius	727 Amoth Circle	Austin	Texas	78759
Starla Serrell	3248 Main Plaza	Duluth	Minnesota	55805
Amalee Rosenboim	8072 Talisman Point	Detroit	Michigan	48295
Donaugh Glide	4 Fieldstone Street	Stockton	California	95210
Katey Philippard	46 Towne Place	Hot Springs National Park	Arkansas	71914
Jabez Bielefeld	1572 Rutledge Parkway	Lake Charles	Louisiana	70616
Milissent Kilfeder	06273 Stuart Place	Tucson	Arizona	85705
Dasha Ernke	5767 Shopko Center	Long Beach	California	90847
Adrianne Parrot	00987 Anzinger Lane	Santa Clara	California	95054
Francene Daveridge	43 Sachs Street	Topeka	Kansas	66606
Lena Adamowitz	05 5th Road	Kansas City	Kansas	66112
Verne Toogood	98 Oxford Alley	San Diego	California	92132
Irena Heppner	940 Anhalt Terrace	Greensboro	North Carolina	27415
Richart Van Oort	4056 Arkansas Plaza	Iowa City	Iowa	52245
Mommy Shambrook	2 Springview Crossing	Lexington	Kentucky	40576
Maridel Garraway	360 Myrtle Terrace	Van Nuys	California	91499
Isac Blagbrough	46765 Fairfield Court	Carson City	Nevada	89706
Leandra Shaddick	2 Springs Plaza	Dallas	Texas	75342
Aretha Beveridge	64569 Straubel Parkway	Harrisburg	Pennsylvania	17121
Eve Jaumet	42505 Shoshone Road	Montgomery	Alabama	36177
Vasilis Lorant	794 Prentice Circle	Amarillo	Texas	79165
Abbe Frankowski	12344 Linden Avenue	Torrance	California	90505
Angelina Job	49 Dwight Parkway	Gaithersburg	Maryland	20883
Sheff Mundwell	5264 Sunnyside Court	Chattanooga	Tennessee	37405
Roma Drinkel	17189 1st Hill	Pasadena	California	91103
Ameline Melin	3 Talmadge Pass	Sioux Falls	South Dakota	57105
Kay Pizzie	8423 Glendale Hill	Grand Junction	Colorado	81505
Ginnifer Guidi	0043 Tony Plaza	Vero Beach	Florida	32964
Archibald Swales	5054 Alpine Trail	Augusta	Georgia	30919
Charisse Rosini	9 Rigney Road	Anchorage	Alaska	99517
Myrtle Madders	0 Corscot Center	Fargo	North Dakota	58106
Vinson Lacase	06862 Ruskin Plaza	Salt Lake City	Utah	84105
Shay Winckle	33 Sugar Parkway	New York City	New York	10260
Hymie Burdess	8402 Mariners Cove Avenue	Washington	District of Columbia	20215
Kareem Clunan	680 Darwin Street	Englewood	Colorado	80150
Nestor Konerding	9 Meadow Vale Junction	Jacksonville	Florida	32204
Grethel Blaszkiewicz	508 Bobwhite Point	Richmond	Virginia	23228
Belvia Yaus	84 Vernon Terrace	Young America	Minnesota	55551
Brana Lilburn	22 Esker Road	Charleston	West Virginia	25362
Sean Durbann	36272 Banding Court	Boston	Massachusetts	2109
Laurette Clemens	5080 Forest Run Pass	Chicago	Illinois	60691
Yvonne Cranmer	77933 Trailsway Court	Richmond	Virginia	23242
Britte Matevushev	483 Jay Crossing	Memphis	Tennessee	38168
Gianina Mee	1442 Forster Way	Philadelphia	Pennsylvania	19131
Karrie Guiu	26820 Thackeray Crossing	Tucson	Arizona	85720
Leupold Howie	42 Steensland Place	Amarillo	Texas	79118
Nahum Brombell	442 Sachs Road	Columbus	Ohio	43284
Bary McVanamy	34 Bunting Drive	Buffalo	New York	14263
Zorah Ackerley	1 Everett Crossing	Jamaica	New York	11407
Nettle Clemencet	27425 Delaware Lane	Boston	Massachusetts	2283
Ken Seeviour	21846 Fuller Parkway	San Diego	California	92121
Merridie Barts	6 Atwood Court	Shreveport	Louisiana	71115
Jobi Koppe	9949 Schiller Center	Fort Worth	Texas	76121
Renata O'Shesnan	9557 Stoughton Place	Zephyrhills	Florida	33543
Ike Imlen	67 Hoffman Drive	Portland	Oregon	97211
Griff Prugel	0520 Hermina Trail	Denver	Colorado	80241
Pepillo Semmence	423 Shoshone Terrace	Hyattsville	Maryland	20784
Leola Prewer	5321 Sachs Terrace	Fort Lauderdale	Florida	33330
Sven Ewebank	4267 Stoughton Drive	Provo	Utah	84605
Kalina Brandsen	422 Warbler Terrace	Las Vegas	Nevada	89130
Giacopo Wrightham	8 Novick Pass	Chattanooga	Tennessee	37410
Giff Penright	9859 Spohn Lane	Miami	Florida	33175
Lacie McCorrie	6470 Reindahl Pass	Rochester	New York	14604
Ollie Chown	525 Brown Parkway	Pensacola	Florida	32520
Waring Keepe	780 Carioca Place	Erie	Pennsylvania	16534
Moise Diggens	998 Saint Paul Way	Indianapolis	Indiana	46216
Marcille Haythorne	302 Colorado Point	Tampa	Florida	33615
Haley Mayow	22315 Melrose Trail	Fort Worth	Texas	76115
Tani Rayhill	2 Granby Terrace	Decatur	Illinois	62525
Hamel Buckmaster	06 Anderson Lane	Anniston	Alabama	36205
Emmerich Levy	83 Dahle Avenue	Portsmouth	New Hampshire	214
Tod Gorsse	2540 Duke Junction	Canton	Ohio	44705
Sacha Laidlow	5 Katie Street	Billings	Montana	59112
Saloma Cabotto	05 Vidon Junction	Washington	District of Columbia	20073
Clemmy Gryglewski	69317 Rieder Circle	Saint Paul	Minnesota	55123
Israel Holson	47 Holy Cross Road	North Las Vegas	Nevada	89087
Meyer Peters	237 Farmco Point	Columbia	South Carolina	29208
Carlos Bauman	71 Graceland Terrace	Nashville	Tennessee	37205
Warden Ghilardi	86249 Park Meadow Trail	Edmond	Oklahoma	73034
Philomena Munn	14555 Erie Point	Tulsa	Oklahoma	74141
Krispin Riggs	03 Barby Plaza	Glendale	California	91210
Kynthia Trice	94 Sachtjen Drive	Lancaster	Pennsylvania	17622
Rikki Bartlomiej	01813 Arapahoe Trail	Fort Wayne	Indiana	46896
Whitney Bentall	99533 Anniversary Junction	Jacksonville	Florida	32230
Jaclyn Badger	2 Lakewood Junction	Ogden	Utah	84403
Nevile Wipper	1 Cottonwood Crossing	Tacoma	Washington	98411
Dolly Denniss	18292 Jenifer Circle	New York City	New York	10034
Keary Donwell	42 Blackbird Junction	Brooklyn	New York	11236
Jodie Kingwell	06215 Fordem Park	Greensboro	North Carolina	27455
Leonard Lightollers	21 Hallows Point	Philadelphia	Pennsylvania	19160
Gracia Gilmore	01551 Mallard Trail	Orlando	Florida	32819
Wynny Orthmann	94126 Walton Center	Homestead	Florida	33034
Gonzales Brothwell	395 Park Meadow Way	Birmingham	Alabama	35244
Federica Bannester	6 Evergreen Parkway	San Diego	California	92153
Terese Rowlatt	75840 Toban Way	El Paso	Texas	79977
Elvera Borg	5073 Graedel Avenue	Arlington	Texas	76004
Bernette Heys	76007 John Wall Road	Austin	Texas	78778
Petronilla Tangye	6 Pennsylvania Way	Hartford	Connecticut	6120
Jock Selland	77 Corben Lane	Madison	Wisconsin	53785
Tabbie Sunshine	74 Laurel Plaza	New Orleans	Louisiana	70116
Isabel Peperell	89 Becker Center	Rochester	New York	14619
Lance McClenan	18 Lindbergh Point	Abilene	Texas	79605
Collen Kittman	0959 Crownhardt Circle	Norfolk	Virginia	23509
Christabella McGinty	1 Melody Drive	Indianapolis	Indiana	46202
Garvey Nassi	6 Derek Center	Maple Plain	Minnesota	55579
Dorise Dittson	11 Jay Junction	Arlington	Virginia	22205
Aluin Lusher	5398 Sunbrook Alley	Knoxville	Tennessee	37919
Meggy Oldacres	2 Morning Alley	Springfield	Massachusetts	1114
Vivianne Klazenga	10 Butternut Circle	Kansas City	Missouri	64114
Orion Emmison	59158 Hansons Court	San Jose	California	95155
Sarge Portress	98504 Becker Alley	Silver Spring	Maryland	20918
Zed Fruish	77 Anhalt Center	Naples	Florida	33963
Georgena Luparti	9764 Mosinee Drive	Montpelier	Vermont	5609
Kristian Rowden	891 Monument Pass	Austin	Texas	78769
Arlene Vasilevich	8204 Bobwhite Park	Raleigh	North Carolina	27621
Dalenna Scawn	65604 Victoria Street	Homestead	Florida	33034
Shantee Gladdor	89172 Hoepker Circle	Charlotte	North Carolina	28225
Katrina Duncan	41 8th Trail	Houston	Texas	77212
Stacee Di Biasi	92 Graceland Terrace	San Francisco	California	94164
Glori Messager	211 Pond Circle	Washington	District of Columbia	20525
Ebonee Cardenoso	418 Chive Center	Charleston	South Carolina	29424
Zarah Cartmer	662 Merchant Circle	New York City	New York	10019
Trever Nelius	41 Holmberg Terrace	Knoxville	Tennessee	37931
Tobiah Andrzejak	750 5th Trail	Lexington	Kentucky	40586
Cherianne Widdop	141 Sutteridge Plaza	Philadelphia	Pennsylvania	19131
Stearn Haverty	4 Grim Parkway	Savannah	Georgia	31422
Annemarie Rous	7357 Tennessee Pass	Washington	District of Columbia	20425
Jacinda Bugs	59 Comanche Road	Hartford	Connecticut	6183
Darb Blofeld	89939 Esker Trail	Salem	Oregon	97306
Ilene Brecon	46404 Badeau Trail	Falls Church	Virginia	22047
Filmore Stollmeyer	7 Milwaukee Drive	Sacramento	California	94257
Coralyn Finder	33537 Ridgeway Trail	Honolulu	Hawaii	96835
Rayna Elie	3974 Kipling Alley	Miami	Florida	33142
Lorne Monahan	25 Charing Cross Parkway	Louisville	Kentucky	40250
Amara Baigrie	84696 Atwood Drive	Gadsden	Alabama	35905
Ossie Rozzell	8991 Maryland Avenue	Springfield	Massachusetts	1105
Atlante Douberday	8 Oriole Crossing	Orlando	Florida	32813
Eulalie Iowarch	6110 Rowland Parkway	Memphis	Tennessee	38119
Mickie Say	88840 Dottie Point	San Francisco	California	94147
Emerson Pulley	79 Southridge Way	Fresno	California	93786
Nell Clout	74 Hayes Point	Dallas	Texas	75216
Lyell Battista	5359 Homewood Alley	Indianapolis	Indiana	46266
Reece Colquyte	52 Daystar Plaza	Myrtle Beach	South Carolina	29579
Goldina Gerring	2 Darwin Way	Detroit	Michigan	48211
Kingsly Ateggart	439 Warrior Center	Springfield	Illinois	62764
Talyah Cansfield	7 Cherokee Court	Falls Church	Virginia	22047
Ursuline Kyndred	59434 Onsgard Drive	San Jose	California	95118
Jane Glasson	9136 Talisman Parkway	Arlington	Texas	76011
Nealon Sterricker	08711 Hoepker Place	Fort Lauderdale	Florida	33345
Darcy Nosworthy	3848 Eggendart Street	Tulsa	Oklahoma	74141
Desirae Kopelman	1403 Fallview Lane	Springfield	Illinois	62764
Ulberto MacPike	6 La Follette Street	High Point	North Carolina	27264
Eliza Sexton	2 Monica Place	Jackson	Mississippi	39216
Eden Moodie	7348 Debs Crossing	Rochester	New York	14639
Dani Farfolomeev	7524 Rigney Junction	Knoxville	Tennessee	37995
Ursola Gwillim	44 Dayton Center	Irving	Texas	75062
Rozalin Marion	7456 Orin Street	Orlando	Florida	32868
Sergeant Gian	28118 Katie Parkway	Garden Grove	California	92645
Bertie Cosford	37 Algoma Way	Dallas	Texas	75310
Niki Hum	0 Waxwing Way	Albany	New York	12205
Salvador Holworth	09176 Morningstar Trail	Wilmington	North Carolina	28405
Ammamaria Dmitriev	6 Pierstorff Center	Lake Worth	Florida	33467
Petronella Gerant	2199 Pearson Plaza	Dallas	Texas	75379
Enrico Fowlie	7192 Anderson Point	Cincinnati	Ohio	45213
Mirabel Kalinsky	7 Waubesa Circle	San Bernardino	California	92424
Allie Conneely	0079 Debra Drive	Newark	Delaware	19725
Vern Bosence	114 Dovetail Place	Fort Wayne	Indiana	46862
Frayda Marco	5 Burning Wood Hill	Aurora	Colorado	80045
Georg Baseley	5380 Ridgeway Place	Arlington	Virginia	22234
Darleen Bassam	25 Melody Crossing	Toledo	Ohio	43615
Rollie Matt	508 Grim Trail	Merrifield	Virginia	22119
Faith Lukehurst	746 Drewry Court	Atlanta	Georgia	30368
Nick Callway	9818 Declaration Circle	Santa Monica	California	90405
Danita Hudel	4407 Esch Hill	Hollywood	Florida	33028
Celine Zellmer	1616 Eastlawn Junction	Charlotte	North Carolina	28230
Wildon Hallstone	54817 Eastlawn Place	Pittsburgh	Pennsylvania	15235
Clarinda Lilleman	2 Shopko Parkway	Columbia	Missouri	65211
Meredithe Janku	3 Bobwhite Lane	Montgomery	Alabama	36195
Patricia Agiolfinger	6618 Michigan Pass	Richmond	Virginia	23220
Culley Kach	78281 Elka Terrace	San Antonio	Texas	78285
Rikki Delve	27615 Maryland Lane	Greeley	Colorado	80638
Damara Endley	4057 Fairview Point	Worcester	Massachusetts	1654
Ivett Crosier	6591 Moland Point	Lake Worth	Florida	33467
Karoly Olufsen	7472 Eagan Lane	Tulsa	Oklahoma	74116
Josh Hance	33 Bay Place	Minneapolis	Minnesota	55458
Bartholomeo Rubenchik	9800 Beilfuss Way	Saint Joseph	Missouri	64504
Jamey Broadey	24629 Summer Ridge Circle	Fort Worth	Texas	76178
Quinton Henrichsen	74320 Sunbrook Point	San Angelo	Texas	76905
Serene Duerdin	5 Reindahl Trail	Springfield	Illinois	62776
Alonso Tanzer	806 Grover Road	Atlanta	Georgia	30306
Roseanna Nequest	56 Florence Trail	Hicksville	New York	11854
Corbie McTerrelly	516 Milwaukee Court	Tulsa	Oklahoma	74149
Matthew Prise	69555 5th Alley	Trenton	New Jersey	8638
Tadio Secombe	537 Maple Wood Trail	Jackson	Tennessee	38308
Tudor Grant	74008 David Plaza	El Paso	Texas	79928
Nealon Batcheldor	17582 Nancy Hill	Baltimore	Maryland	21203
Yvon Djekic	494 Evergreen Trail	Bonita Springs	Florida	34135
Ernesto Caze	09 Grim Street	Topeka	Kansas	66642
Toddie Halcro	19222 Nova Circle	San Antonio	Texas	78250
Susie Esplin	6 Cardinal Junction	Hayward	California	94544
Leeann Heintzsch	50462 Monica Drive	San Diego	California	92170
Kippar Farnin	3398 Mayer Terrace	Cleveland	Ohio	44197
Allin Brothers	365 Bultman Crossing	Boston	Massachusetts	2163
Delmar Loxston	32892 Susan Terrace	Nashville	Tennessee	37240
Delores Vanshin	86 Warrior Pass	San Jose	California	95150
Baillie Rain	7072 Thierer Terrace	Birmingham	Alabama	35220
Nikolia Welbourn	1158 Mendota Street	Madison	Wisconsin	53705
Bink Olensby	2690 Comanche Trail	Tucson	Arizona	85715
Christal Welburn	1 Forster Way	Frankfort	Kentucky	40618
Jermain Seppey	4 Brickson Park Hill	El Paso	Texas	88563
Kirstin Wedderburn	82685 Debs Pass	Houston	Texas	77288
Natale Sallows	31495 Arizona Circle	Carson City	Nevada	89706
Clarinda Gerdes	07707 Sheridan Center	Racine	Wisconsin	53405
Rudy Salmond	0654 Pleasure Junction	New Haven	Connecticut	6505
Renato Hannond	9724 Thierer Place	Saint Louis	Missouri	63196
Ddene Rosenkrantz	1776 Oriole Road	Bakersfield	California	93399
Nevile McCarly	79764 Gina Circle	Washington	District of Columbia	20525
Rhoda Hatto	259 Mifflin Circle	Austin	Texas	78769
Emory Grattage	93 Roxbury Parkway	Syracuse	New York	13217
Raleigh Balwin	7590 Dixon Trail	Houston	Texas	77075
Percival Rake	2759 Mayfield Hill	Alexandria	Virginia	22301
Maddi Flacknell	977 Havey Way	Naperville	Illinois	60567
Randall Brazur	921 Holy Cross Crossing	Syracuse	New York	13217
Maybelle Duddle	0271 Golf Course Trail	San Jose	California	95113
Kellia Jacobowicz	2636 Bultman Way	Winston Salem	North Carolina	27150
Millard Maccrae	0867 Bowman Road	Utica	New York	13505
Ardella Shreve	933 Carioca Point	Anderson	South Carolina	29625
Karry Mithun	9 Haas Terrace	Detroit	Michigan	48275
Nate Matussevich	72 Autumn Leaf Road	New Orleans	Louisiana	70160
Wilhelmina Cloutt	34183 Huxley Plaza	Providence	Rhode Island	2912
Prinz Selwood	8571 Waywood Way	Washington	District of Columbia	20520
Dacey Pont	6673 Merry Terrace	Moreno Valley	California	92555
Melany Voyce	91645 Moulton Court	New York City	New York	10170
Cecile Tregien	06732 Dryden Center	Augusta	Georgia	30911
Damien Lygo	4121 Killdeer Junction	Hamilton	Ohio	45020
Imelda Fifield	03 Memorial Park	Charlotte	North Carolina	28242
Alan Strotone	54 Cascade Drive	Columbia	South Carolina	29215
Brander Rydzynski	76 Armistice Avenue	Jamaica	New York	11499
Sharon Bosman	4 Straubel Plaza	Chicago	Illinois	60674
Vassily Ceschelli	590 Utah Lane	Fort Lauderdale	Florida	33320
Rivalee Idiens	79 Elka Street	Jacksonville	Florida	32215
Humfrey Crommett	18948 Pawling Avenue	Fresno	California	93740
Yehudi Simoneton	0 La Follette Circle	Green Bay	Wisconsin	54313
Georgetta Wistance	84 Garrison Place	Virginia Beach	Virginia	23471
Petrina Lundy	27 Luster Plaza	Ridgely	Maryland	21684
Molly Basnett	166 Buhler Alley	Scottsdale	Arizona	85255
Garald Cruden	07697 Sunbrook Plaza	Harrisburg	Pennsylvania	17126
Karlik Hadye	05749 Mcguire Way	Kansas City	Missouri	64125
Neile Bloomer	51025 Randy Pass	Baltimore	Maryland	21281
Kristos Takis	13436 Cherokee Place	Boise	Idaho	83722
Aubry Dockrill	746 Fisk Pass	Lawrenceville	Georgia	30045
Nora Onn	230 Browning Avenue	San Jose	California	95155
Ruthanne Rittmeier	15 Delladonna Road	El Paso	Texas	88558
Gustav Emanson	37276 Debra Terrace	Hialeah	Florida	33018
Prue Turmell	9 Barnett Drive	Los Angeles	California	90101
Gunilla Huband	1 Mitchell Circle	Dulles	Virginia	20189
Isabeau Leak	66009 Aberg Pass	Des Moines	Iowa	50393
Hulda Loody	0005 Dunning Street	Morgantown	West Virginia	26505
Luce Begbie	9 Forster Crossing	El Paso	Texas	88558
Sidonia Cowpland	090 Cody Drive	Montgomery	Alabama	36125
Skippie Gilderoy	5 Canary Trail	Washington	District of Columbia	20231
Garreth Jilliss	7 Nobel Park	Pasadena	California	91131
Marjorie Wankel	13 Kensington Road	Brooklyn	New York	11205
Vin Tredwell	15604 Golf Circle	Harrisburg	Pennsylvania	17140
Egor O'Dunneen	14 Kennedy Way	Macon	Georgia	31217
Hilario Sleightholme	1861 Crest Line Street	Colorado Springs	Colorado	80995
Rennie Armiger	7392 Sherman Street	Grand Rapids	Michigan	49505
Tito Bramley	5683 Morningstar Point	Farmington	Michigan	48335
Corliss Gilchrist	683 Golf View Avenue	Birmingham	Alabama	35231
Roselia McCormack	9396 Farwell Crossing	Fort Collins	Colorado	80525
Terence Geillier	59492 Eastwood Court	Los Angeles	California	90101
Jennie Ronan	5 Meadow Vale Point	Saint Louis	Missouri	63136
Aguistin Thorpe	114 Green Ridge Lane	Mesa	Arizona	85205
Marcy Kermath	3086 Donald Drive	Dallas	Texas	75387
Larissa Fonteyne	867 Crest Line Lane	Charlottesville	Virginia	22903
Darci Wilmore	6 Melody Alley	Virginia Beach	Virginia	23464
Mendy Penreth	76147 Calypso Center	Bakersfield	California	93311
Jaynell Asmus	5 Shelley Court	Cincinnati	Ohio	45264
Eustacia Sybe	682 Spenser Circle	Chandler	Arizona	85246
Margaretha Tremmil	4007 Bultman Center	Huntsville	Alabama	35810
Cesare Illes	05 Dovetail Circle	West Palm Beach	Florida	33405
Brigham Lauritzen	5992 Vahlen Junction	Rochester	New York	14683
Billy Crusham	4984 Gulseth Park	Helena	Montana	59623
Barthel Molloy	30834 Iowa Alley	Dallas	Texas	75353
Lesly Cadamy	1 Moose Parkway	Salt Lake City	Utah	84140
Florida Aikett	455 Carberry Park	Sarasota	Florida	34238
Idalina Oliffe	1486 Gulseth Point	Tucson	Arizona	85715
Nathalia Dalgety	4 Basil Lane	Oklahoma City	Oklahoma	73152
Verge Gravenell	17 Ridgeview Drive	Knoxville	Tennessee	37924
Stephannie Ostick	900 Mitchell Circle	Memphis	Tennessee	38168
Damita Tonner	7259 Kinsman Parkway	Jacksonville	Florida	32230
Abigael Shilling	17250 Old Shore Park	Fresno	California	93794
Roseanna Whitworth	04 West Point	Henderson	Nevada	89074
Nickey Gumey	7209 Gale Circle	Baltimore	Maryland	21239
Riccardo Danniell	1185 Monterey Alley	Cedar Rapids	Iowa	52410
Erie Golder	83527 Bartelt Place	Los Angeles	California	90040
Fons Cosby	61 Morningstar Court	Tyler	Texas	75705
Grayce Biesty	4947 Blaine Road	Tacoma	Washington	98442
Jamesy Bradneck	71 Fairfield Lane	Miami	Florida	33164
Cleveland Kemmish	41672 Lien Alley	Herndon	Virginia	22070
Fernande Gilfillan	7688 Dahle Trail	Hicksville	New York	11854
Benyamin Sarson	41 Northridge Park	Corpus Christi	Texas	78475
Fanchette Loddon	50 Oneill Point	Spartanburg	South Carolina	29305
Petr Baron	0757 Alpine Lane	Vancouver	Washington	98682
Anallise Fassam	19 Canary Lane	Tacoma	Washington	98405
Kaitlin Derrett	0 Granby Court	Kalamazoo	Michigan	49048
Darcey Rendle	2 Dryden Pass	Wichita	Kansas	67205
Fidelity Niche	298 Clemons Alley	San Diego	California	92170
Barthel Ivankin	521 Kensington Point	Fort Worth	Texas	76178
Inger Hitchens	3 Tomscot Way	Miami	Florida	33158
Gilbert Braunston	8871 Merchant Lane	New Hyde Park	New York	11044
Alejandra Glabach	9 Hazelcrest Plaza	Oklahoma City	Oklahoma	73147
Brannon Cruddas	6605 Banding Junction	Alexandria	Virginia	22309
Afton Scargill	30882 Sutherland Street	El Paso	Texas	88530
Candie Lawrenz	4 Lakewood Parkway	Salt Lake City	Utah	84120
Bengt Feldharker	1 Loomis Plaza	Grand Junction	Colorado	81505
Jaclin Oneill	218 Ramsey Place	Bakersfield	California	93305
Imogen Rimell	4 Loftsgordon Crossing	Tempe	Arizona	85284
Elisabeth Vercruysse	502 Oakridge Parkway	El Paso	Texas	79911
Rosabella Figure	10137 Menomonie Hill	Canton	Ohio	44720
Jeni Raff	0002 Pawling Street	Sarasota	Florida	34276
Zechariah Overland	29701 Grim Circle	Columbia	South Carolina	29220
Caron Drust	327 Cody Junction	Shreveport	Louisiana	71115
Emelia Brandino	293 Dunning Place	Salem	Oregon	97306
Rona Seifert	19478 Golf View Place	Jackson	Mississippi	39236
Ketti Conachie	8772 Dahle Court	El Paso	Texas	88535
Helen-elizabeth Royson	45355 Magdeline Pass	Fort Worth	Texas	76129
Florentia Pavy	1 Bluestem Lane	Naples	Florida	34114
Emlynn Turrill	498 Longview Way	Albuquerque	New Mexico	87140
Margit Rizzone	2566 Lindbergh Crossing	Jamaica	New York	11447
Bald Iwaszkiewicz	60180 Sunnyside Pass	Kansas City	Missouri	64125
Ketty Dugget	8 East Lane	Panama City	Florida	32412
Lydon Wallenger	31692 Badeau Point	Norman	Oklahoma	73071
Lizabeth Jorgensen	38197 Gale Pass	El Paso	Texas	79916
Daven Izakof	50602 Hazelcrest Terrace	Winston Salem	North Carolina	27110
Anna-diana Shanks	8 Shelley Pass	Santa Barbara	California	93111
Alic Gummer	84431 Cardinal Street	Daytona Beach	Florida	32118
Demetria Andreini	1687 Sachs Trail	Tulsa	Oklahoma	74156
Austen Wyley	0536 Swallow Center	Olympia	Washington	98516
Gwenneth Ebourne	45 Prentice Road	Dayton	Ohio	45426
Nollie Stammler	928 Fairview Alley	Tyler	Texas	75799
Lionel Owbridge	9 Clyde Gallagher Alley	Columbus	Georgia	31998
Domenic Tellett	7 Thierer Place	Houston	Texas	77228
Adelle Jansa	48 John Wall Center	Littleton	Colorado	80126
Mechelle Mongin	7868 Oneill Point	San Jose	California	95128
Jodie Fairbard	0 Quincy Avenue	Charleston	West Virginia	25326
Pablo Calyton	875 Stephen Avenue	Hayward	California	94544
Phylys Merdew	27 Talisman Point	Reading	Pennsylvania	19610
Tristan Mollitt	30 Sunbrook Center	Huntington	West Virginia	25709
Tadd Goucher	96821 Nova Plaza	Tampa	Florida	33605
Mallissa Stiling	848 Loftsgordon Center	Columbia	South Carolina	29220
Bevin Rameaux	108 Vahlen Street	Louisville	Kentucky	40280
Natalina Gutowski	6406 Spohn Road	Galveston	Texas	77554
Stafani Giacomuzzi	5953 Atwood Circle	Portland	Oregon	97232
Aubree Matschek	91147 Hudson Junction	Mobile	Alabama	36670
Philippe Ilden	8545 Roth Plaza	Birmingham	Alabama	35205
Kelsi Mayhou	6047 Nelson Plaza	Valdosta	Georgia	31605
Winonah Malletratt	917 Melvin Drive	Washington	District of Columbia	20404
Ardelia Wardesworth	108 Onsgard Plaza	New Orleans	Louisiana	70116
Maryrose Aldwich	5 Park Meadow Park	Littleton	Colorado	80127
Gilligan Cowthart	38 Division Avenue	El Paso	Texas	79911
Sibeal Glandon	78 Everett Lane	Washington	District of Columbia	20073
Forbes Feechan	16670 Coleman Parkway	New Hyde Park	New York	11044
Ricky Skowcraft	95 Upham Place	Los Angeles	California	90076
Gilda Jarville	071 Hollow Ridge Parkway	Scottsdale	Arizona	85260
Nickie O'Henecan	3 Fisk Way	Naples	Florida	33963
Carri MacFadyen	16 Prentice Point	Peoria	Illinois	61656
Edmon Golagley	20 Butterfield Plaza	Dayton	Ohio	45440
Georgi Bladesmith	669 Twin Pines Road	Saint Louis	Missouri	63131
Denney Styche	4952 Bultman Road	Greensboro	North Carolina	27425
Kata Kensley	1982 Dottie Trail	New Orleans	Louisiana	70183
Kyrstin Fortin	66520 Golden Leaf Circle	Jacksonville	Florida	32220
Maddie Sexcey	046 Moland Circle	Salt Lake City	Utah	84130
Gratiana Praundlin	83518 Acker Parkway	Pittsburgh	Pennsylvania	15215
Seumas Suett	7270 Muir Drive	Washington	District of Columbia	20057
Benedicta Lawn	660 Rutledge Alley	Sacramento	California	94207
Nichols Lissenden	308 Melvin Park	Lakeland	Florida	33805
Arron Sexton	7652 South Road	Lafayette	Louisiana	70593
Jewel Aizikowitz	2 Claremont Way	Dayton	Ohio	45454
Percival Valadez	0 Judy Pass	Philadelphia	Pennsylvania	19131
Bennie Hebdon	03 Toban Circle	Huntsville	Alabama	35805
Dollie Buttrum	5763 Spenser Drive	Schenectady	New York	12325
Gilemette Sheran	39577 Eastwood Alley	Rochester	New York	14683
Dall Archibald	15031 Mockingbird Circle	Baton Rouge	Louisiana	70805
Emelyne Schneidar	41842 8th Court	Temple	Texas	76505
Ronnie Kuzma	02 Oneill Parkway	Anderson	South Carolina	29625
Antonia Lethem	929 Claremont Park	Portland	Oregon	97232
Kacey Savile	6 Barby Terrace	Minneapolis	Minnesota	55458
Ira Hefferon	6 American Park	Montgomery	Alabama	36125
Pru Leathem	337 Claremont Trail	Colorado Springs	Colorado	80920
Valene Klauber	6 Sycamore Pass	Petaluma	California	94975
Ralina Charter	67075 Sunnyside Alley	Tampa	Florida	33673
Davida Tomsu	03470 Hovde Plaza	Schenectady	New York	12325
Felipa Adamoli	30 Jackson Alley	Wilmington	Delaware	19886
Roderick Frankland	2 Vera Trail	Little Rock	Arkansas	72215
Langsdon Kittles	21 Porter Parkway	Oakland	California	94611
Allin Siegertsz	5 Forest Run Junction	Washington	District of Columbia	20067
Bartholomeus Waddilove	91 Grasskamp Court	Cleveland	Ohio	44191
Minetta Coathup	2432 Bowman Hill	Erie	Pennsylvania	16505
Charmane Soeiro	88358 Carberry Street	Birmingham	Alabama	35295
Junina Gutman	30 Almo Center	Las Vegas	Nevada	89105
Anastasie Morrant	2 West Park	Buffalo	New York	14263
Melisa Cirlos	9 Pawling Terrace	Clearwater	Florida	34629
Lina Harnott	8793 Clemons Street	Austin	Texas	78703
Mona Guerreru	14 Westridge Parkway	Memphis	Tennessee	38126
Wye Cloonan	5357 Dixon Alley	Oakland	California	94660
Maurizio Wikey	46 Veith Parkway	Boise	Idaho	83732
Sherman Tewkesbury	2 Merchant Drive	Houston	Texas	77030
Kamilah Blakeney	4 Pierstorff Street	Charleston	West Virginia	25356
Reynolds Gaymar	80113 Starling Pass	Detroit	Michigan	48206
Andonis Lynn	8833 Logan Court	Columbia	Missouri	65218
Kylie Orum	9918 Comanche Center	Sacramento	California	94257
Thekla Lorkin	22 Welch Way	El Paso	Texas	79950
Theobald Giggie	4 American Ash Street	Salt Lake City	Utah	84130
Reinhold Tiler	035 Buena Vista Road	Minneapolis	Minnesota	55448
Vania Raphael	5686 Comanche Hill	Rockford	Illinois	61105
Miguel Bye	735 Kipling Circle	Albany	New York	12210
Celestia Stiant	11417 Service Point	Lakeland	Florida	33811
Sallyanne Prowting	0 Barby Pass	El Paso	Texas	88553
Freddy Bernardos	04 Dakota Crossing	Roanoke	Virginia	24048
Brion Finlason	73 Kensington Crossing	Sacramento	California	94280
Cyrill Forcade	0027 Florence Road	Memphis	Tennessee	38104
Esteban Gibbin	563 Lighthouse Bay Trail	New York City	New York	10024
Virgil Pownall	8253 Menomonie Plaza	Dallas	Texas	75210
Trish Creser	092 Village Green Road	Dallas	Texas	75379
Moyna Elcoat	4603 Hoard Trail	Roanoke	Virginia	24020
Orton Kobpa	25042 Talmadge Trail	Homestead	Florida	33034
Quinlan Lafaye	200 Burrows Place	Houston	Texas	77281
Ruddie Browne	163 Pond Drive	Dayton	Ohio	45403
Mel Toman	66490 Northview Circle	Port Washington	New York	11054
Blinnie Valerio	5130 Lawn Road	Fort Lauderdale	Florida	33330
Del Christley	0 Maple Wood Park	Denver	Colorado	80291
Ellery Bubeer	8782 Fremont Point	New Orleans	Louisiana	70179
Odell Flecknoe	46 Doe Crossing Road	Harrisburg	Pennsylvania	17126
Rakel Ramelot	81 Fairfield Way	Colorado Springs	Colorado	80940
Stevena Gresch	076 Macpherson Center	San Antonio	Texas	78250
Cathrin Echelle	0260 Lighthouse Bay Street	Boca Raton	Florida	33432
Deb Dutnall	29294 Vermont Place	Los Angeles	California	90081
Meghann Prater	9189 Logan Circle	Saint Petersburg	Florida	33737
Dorthy Winchcombe	009 Hanover Trail	Buffalo	New York	14225
Roch Foltin	67 Loomis Lane	Warren	Michigan	48092
Leonardo Paxton	102 Welch Terrace	Jackson	Mississippi	39296
Suki Eustace	4 Jackson Court	Brooklyn	New York	11236
Huntley Valentino	21 Clove Point	Milwaukee	Wisconsin	53277
Jermayne Schouthede	62305 Vermont Center	Orlando	Florida	32813
Jenelle Odell	7 Vidon Hill	Southfield	Michigan	48076
Chen Schimon	66 Oneill Avenue	Richmond	Virginia	23237
Libbie Jamot	5522 Melvin Hill	Columbia	Missouri	65218
Mela Morforth	44372 Muir Trail	Denver	Colorado	80223
Abbye Tubble	7979 Valley Edge Park	Huntsville	Alabama	35810
Gretta Jerson	34 Kim Street	Santa Monica	California	90405
Mohandas Allebone	642 Parkside Lane	Chandler	Arizona	85246
Elicia Moizer	3 Swallow Avenue	Savannah	Georgia	31405
Mabel Stares	8904 Nobel Street	Louisville	Kentucky	40293
Reta Breckin	723 Tomscot Place	Washington	District of Columbia	20566
Marietta Elsley	96 Cottonwood Pass	Honolulu	Hawaii	96825
Bunnie Golledge	0680 Katie Hill	Winston Salem	North Carolina	27110
Juana Hogbin	07 Larry Junction	Amarillo	Texas	79165
Brett Kilfeder	5338 Waubesa Hill	Mesa	Arizona	85210
Sophie Wardall	6 Nova Park	Atlanta	Georgia	30356
Say McKeurtan	252 Little Fleur Pass	Humble	Texas	77346
Odelia Voff	06112 Florence Place	Jacksonville	Florida	32236
Renell Sturt	1 Oxford Court	El Paso	Texas	79916
Free Syres	8 Stang Terrace	Philadelphia	Pennsylvania	19141
Riane Sudell	35 Londonderry Parkway	Fairbanks	Alaska	99790
Sonnie Haffner	7502 Sunbrook Crossing	Riverside	California	92519
Nancy Llorente	39796 Carpenter Drive	Denver	Colorado	80243
Mick De Bruyne	01224 Twin Pines Junction	Evansville	Indiana	47705
Raimund Cranstoun	98701 Lakeland Terrace	Columbus	Ohio	43240
Electra Masey	6 Maryland Court	Worcester	Massachusetts	1605
Pepillo Melbourne	938 Goodland Park	Omaha	Nebraska	68110
Germana Ibbett	4 Eagan Place	Fairfax	Virginia	22036
Beniamino Jelkes	9203 Katie Crossing	El Paso	Texas	79999
Friedrich Yellowlee	31 Larry Parkway	Mobile	Alabama	36689
Thekla Earney	73 Loftsgordon Road	Portland	Oregon	97206
Sascha Channon	22 Jackson Trail	Boise	Idaho	83705
Simonne Buckmaster	961 Kensington Street	Springfield	Illinois	62718
Howie Lehrian	5062 Waxwing Street	Youngstown	Ohio	44505
Damaris Steddall	4223 Cottonwood Road	San Bernardino	California	92424
Ashbey Toffoletto	888 South Trail	Raleigh	North Carolina	27635
Dael Pucknell	51 Nobel Street	Austin	Texas	78764
Beverly Gosse	25694 Banding Road	San Diego	California	92153
Filmore Skerritt	4568 Morrow Junction	Saint Louis	Missouri	63121
Kelila Adel	94985 Jay Pass	Terre Haute	Indiana	47805
Cecile Peddel	8912 East Hill	Baton Rouge	Louisiana	70820
Abba Zannotti	923 Clyde Gallagher Circle	Springfield	Illinois	62723
Modestia Polhill	8447 Nova Lane	Salem	Oregon	97312
Jabez Sposito	8916 Lotheville Trail	Miami	Florida	33185
Mei Gaynsford	730 Vahlen Circle	Fort Wayne	Indiana	46867
Frederica Lopez	48 Hoffman Alley	Dayton	Ohio	45440
Harmonie Estick	124 Esker Road	Milwaukee	Wisconsin	53220
Janaya McInnery	658 Harbort Terrace	Louisville	Kentucky	40220
Kamilah Darbishire	7372 Fairview Terrace	Dayton	Ohio	45419
Robb Evenett	874 Lyons Court	Waterbury	Connecticut	6705
Codie Rapson	04344 Dorton Circle	San Francisco	California	94154
Winfield Willimott	81743 Morning Avenue	Topeka	Kansas	66667
Shelden Linnemann	023 Fairfield Alley	Reston	Virginia	20195
Thoma Harriday	4703 Anzinger Road	Houston	Texas	77223
Tammie Kunath	806 Sutteridge Circle	Sacramento	California	95865
Corina Oldroyde	2930 Lerdahl Street	Washington	District of Columbia	20260
Renelle Swancock	3248 Artisan Plaza	Aurora	Colorado	80015
Baird Le Merchant	15757 Fordem Court	San Jose	California	95194
Berty McEniry	31685 Arizona Way	Jacksonville	Florida	32215
Debee Isenor	30266 Spaight Parkway	Kansas City	Missouri	64125
Toddy Versey	398 Portage Way	Fayetteville	North Carolina	28305
Kevon Neames	9962 Carioca Center	Birmingham	Alabama	35242
Dalis Downage	8768 Stephen Drive	Austin	Texas	78715
Sharai Bartczak	42 Prairieview Trail	Virginia Beach	Virginia	23459
Theo Paumier	1028 Stoughton Pass	Schenectady	New York	12325
Kaile Wibberley	83 Jenna Place	Greensboro	North Carolina	27499
Ofelia Nielson	1797 Menomonie Trail	San Angelo	Texas	76905
Luelle Ervin	2564 Karstens Plaza	Mansfield	Ohio	44905
Dian Dacre	96798 Union Alley	Champaign	Illinois	61825
Tammy Wheelwright	155 Straubel Trail	Washington	District of Columbia	20430
Noble Fawley	30 Parkside Hill	Minneapolis	Minnesota	55458
Sibyl Geharke	84769 Hollow Ridge Trail	Greenville	South Carolina	29615
Rosemarie Spender	523 Crownhardt Crossing	El Paso	Texas	79916
Jillie Daud	9708 American Place	Houston	Texas	77276
Lyndy Fairhall	4239 Hovde Plaza	Lexington	Kentucky	40591
Marlow Rawstorn	6810 Swallow Plaza	Colorado Springs	Colorado	80951
Franklin Hassey	8 Longview Way	Houston	Texas	77260
Virginie Cowl	45459 Sugar Park	Colorado Springs	Colorado	80925
Codi Pierce	98 Schiller Terrace	Amarillo	Texas	79118
Emilio Gerlack	3 Walton Alley	Tampa	Florida	33680
Wait Clinton	22 Annamark Terrace	Tallahassee	Florida	32399
Angelico Damiata	346 1st Junction	Las Vegas	Nevada	89193
Dennis Fomichkin	033 Judy Avenue	Hyattsville	Maryland	20784
Rayna Tegler	387 Parkside Pass	Portland	Oregon	97232
Loren Doorbar	2723 Muir Alley	Newark	New Jersey	7195
Carie Cess	86422 Monterey Way	Huntington Beach	California	92648
Tamara Patillo	5 Manitowish Crossing	Indianapolis	Indiana	46295
Karen Hagley	012 Mcguire Road	Cambridge	Massachusetts	2142
Lucia Biddiss	121 Buhler Plaza	Daytona Beach	Florida	32123
Phillip Snodin	90 Carioca Hill	Rochester	New York	14624
Winfield Matzke	37 Badeau Court	Lincoln	Nebraska	68531
Gabey Jeppe	47000 Corscot Terrace	Saint Petersburg	Florida	33731
Renee Burniston	91992 4th Crossing	Austin	Texas	78764
Yalonda Von Der Empten	3 Lakewood Gardens Avenue	Lafayette	Louisiana	70505
Kayne Hadgkiss	595 Loomis Alley	Chattanooga	Tennessee	37416
Timmy Scud	858 Vermont Road	Louisville	Kentucky	40287
Kristyn Eustes	0516 Carioca Terrace	Newport Beach	California	92662
Rae Escalante	9313 Milwaukee Alley	Bridgeport	Connecticut	6606
Ester Recher	501 Fair Oaks Crossing	Tuscaloosa	Alabama	35487
Skell Banasevich	82422 Mallory Point	Anchorage	Alaska	99507
Idell Badam	17597 Magdeline Crossing	Albuquerque	New Mexico	87110
Mary Dron	058 Hovde Plaza	Buffalo	New York	14263
Jerry Humbee	509 Redwing Way	Dayton	Ohio	45403
Stirling Pritchitt	4 Macpherson Terrace	Bronx	New York	10459
Lenka Siggee	687 Kipling Place	Waltham	Massachusetts	2453
Alva Schinetti	0 Shelley Way	Terre Haute	Indiana	47812
Carine Medford	5417 Briar Crest Center	Atlanta	Georgia	30375
Konrad Rieme	8 Miller Parkway	Denver	Colorado	80235
Abra Dignum	64907 Mifflin Center	Fairfield	Connecticut	6825
Yehudit Reap	8971 Thierer Alley	Indianapolis	Indiana	46239
Abra Ameer-Beg	055 Moose Place	Zephyrhills	Florida	33543
Buddie Huortic	0629 Fairfield Center	Hattiesburg	Mississippi	39404
Ag Piwall	6 Old Shore Point	Rochester	Minnesota	55905
Sergio McLean	59540 Lawn Center	Dallas	Texas	75241
Gilberte Kalinowsky	50140 Upham Trail	Lake Charles	Louisiana	70616
Stepha Pierce	9657 Lakewood Alley	Washington	District of Columbia	20470
Ron Uman	199 Parkside Court	Lynn	Massachusetts	1905
Tasha deKnevet	5187 Schiller Road	Kansas City	Missouri	64142
Lela Vlasov	75664 Meadow Ridge Alley	Lincoln	Nebraska	68505
Krissie Bigglestone	3926 Oneill Drive	Houston	Texas	77045
Kaylee Obin	4965 Di Loreto Drive	Amarillo	Texas	79176
Meir Greatbanks	94845 Claremont Park	Lawrenceville	Georgia	30045
Clementia McHenry	545 Macpherson Plaza	Canton	Ohio	44705
Hillary Bentick	951 Bowman Court	Canton	Ohio	44710
Arny Ghest	58853 Main Center	Spokane	Washington	99260
Kelcy Silverman	66792 Jenna Lane	Los Angeles	California	90045
Iolande Aikett	301 Kropf Crossing	Pensacola	Florida	32575
Tommi Keohane	517 Lyons Lane	Springfield	Ohio	45505
Karoly Dacca	5287 Old Shore Crossing	Oklahoma City	Oklahoma	73147
Kincaid Gooly	37 Luster Park	Kansas City	Missouri	64114
Dag Basini-Gazzi	361 Bartelt Lane	Milwaukee	Wisconsin	53234
Deane Blennerhassett	0 Arapahoe Park	Seattle	Washington	98133
Thorndike Richel	0709 Rutledge Plaza	Fort Lauderdale	Florida	33325
Demetris Warne	5 Dorton Drive	Waterbury	Connecticut	6705
Zelma Peat	8514 Bellgrove Street	Waco	Texas	76796
Abba Yellowlea	01976 Blaine Park	Memphis	Tennessee	38161
Brien Ramsden	2803 Anthes Trail	Englewood	Colorado	80150
Domenico Sparrowe	579 Farragut Plaza	Saint Louis	Missouri	63126
Kassey Reddel	167 Goodland Terrace	Savannah	Georgia	31410
Lynda Gartshore	37 Riverside Alley	Elmira	New York	14905
Petunia Digweed	98 Erie Street	Philadelphia	Pennsylvania	19178
Ronnie Asple	6 Esch Alley	Saginaw	Michigan	48604
Janna Andrzejowski	366 Sage Court	Riverside	California	92519
Astrix Illiston	690 Porter Point	Baltimore	Maryland	21239
Gualterio Pridie	42 Spohn Point	Shreveport	Louisiana	71137
Marcia Aiton	434 Mayer Plaza	Harrisburg	Pennsylvania	17140
Pietrek Lile	434 Dryden Avenue	Louisville	Kentucky	40256
Arlena Harome	607 Graedel Court	Newark	Delaware	19725
Nicolette McCullum	86 Kennedy Place	Augusta	Georgia	30911
Moselle Aldhous	1 Northview Trail	Birmingham	Alabama	35205
Sada Regorz	224 Rowland Plaza	Great Neck	New York	11024
Whitney Swenson	7 Clemons Point	San Jose	California	95160
Emlyn Kerswell	41 Sugar Lane	Sacramento	California	95828
Fidela Crumpe	44 Iowa Hill	Waco	Texas	76711
Mitch Coneybeer	449 Annamark Lane	Houston	Texas	77206
Marie-ann Antonomoli	09540 Artisan Lane	Lubbock	Texas	79452
Edwin Paine	070 Dorton Trail	Tulsa	Oklahoma	74184
Garret Castelin	2 Annamark Circle	Hartford	Connecticut	6145
Bernadette Gittose	6 Westport Plaza	Fort Lauderdale	Florida	33330
Zita Killough	99503 Pine View Street	Memphis	Tennessee	38197
Blondelle Laba	165 Thierer Center	Colorado Springs	Colorado	80935
Corey Blacksland	465 Mayfield Street	Kansas City	Kansas	66105
Nils Witchard	9925 Thierer Place	Rochester	New York	14604
Eden O'Leary	6977 Golf View Trail	San Angelo	Texas	76905
Cindelyn Mossbee	8860 Lawn Park	High Point	North Carolina	27264
Virgie Tink	0 Oneill Terrace	Lexington	Kentucky	40596
Gertrudis Paddington	1 Novick Place	Oakland	California	94616
Lindy Markova	289 Grayhawk Plaza	Arlington	Virginia	22212
Mollie Cowans	3686 Laurel Plaza	Tucson	Arizona	85754
Raimund While	79 Texas Place	Grand Forks	North Dakota	58207
Kaila Blaes	1971 Pennsylvania Drive	Miami	Florida	33164
Ambrosi Oslar	40 Southridge Parkway	Topeka	Kansas	66629
Vick Chillingworth	4426 Talisman Court	Rockville	Maryland	20851
Ado Annon	7 Scott Way	Henderson	Nevada	89012
Henrik Tixall	2 Clove Hill	Washington	District of Columbia	20036
Loree Meese	88397 Southridge Crossing	Toledo	Ohio	43699
Tiphany Esmead	273 Helena Trail	Montgomery	Alabama	36125
Daven Essam	1 Columbus Road	Largo	Florida	34643
Benton Fallon	231 Monterey Court	Athens	Georgia	30605
Moritz Harradine	9567 Fairfield Lane	Pueblo	Colorado	81010
Morissa Prisk	70 American Road	El Paso	Texas	88514
Magdaia Chree	35 Elka Junction	Saint Cloud	Minnesota	56398
Teddy Le Borgne	81 Charing Cross Court	Woburn	Massachusetts	1813
Eberto MacGilmartin	440 Meadow Ridge Point	Boca Raton	Florida	33499
Tove Lindeberg	1 Colorado Junction	Houston	Texas	77005
Sybil Martinetto	4665 Warbler Court	Maple Plain	Minnesota	55579
Jefferey Fairebrother	65 Golden Leaf Center	New York City	New York	10150
Nisse Ranyelld	60 La Follette Way	Cleveland	Ohio	44197
Christoforo Possek	09 Londonderry Pass	Huntington	West Virginia	25709
Jori Guitel	0723 Rieder Road	Raleigh	North Carolina	27658
Terra Matevushev	92807 Thompson Hill	Ventura	California	93005
Evangeline Joron	32 Sutteridge Plaza	Houston	Texas	77234
Sebastian MacCaughan	5 Gerald Road	San Diego	California	92115
Ruperta Cornier	821 Clove Lane	Tulsa	Oklahoma	74184
Zacharia Rhelton	17109 Pennsylvania Road	Kansas City	Missouri	64114
Audi Mabbe	185 Pierstorff Center	Los Angeles	California	90071
Candide Hubbuck	0 Cody Street	Richmond	Virginia	23289
Otis Caverhill	8761 Ohio Parkway	Eugene	Oregon	97405
Davidson Rofe	40 Schlimgen Center	Lancaster	California	93584
Brinn Gyrgorwicx	5766 Thierer Drive	Cincinnati	Ohio	45264
Rad McCreery	99 Huxley Lane	Monroe	Louisiana	71213
Raymund De Blasi	87 Larry Pass	Torrance	California	90505
Quillan McDonnell	4 Talisman Park	Chicago	Illinois	60697
Delcine Mannering	2677 Kenwood Hill	Fort Pierce	Florida	34949
Ansell Twinterman	90 Raven Trail	Columbus	Ohio	43210
Sarine Ilive	28222 Crowley Junction	Oklahoma City	Oklahoma	73142
Rosalind Dyneley	8 Moulton Parkway	Baton Rouge	Louisiana	70810
Waiter Kilkenny	942 Melvin Pass	Houston	Texas	77015
Tore Marriage	45008 Bayside Street	Chicago	Illinois	60646
Huntlee Skase	3 Calypso Point	San Diego	California	92115
Krissie Duiguid	0 Moland Street	Huntsville	Alabama	35805
Shelly Ping	0471 Boyd Street	El Paso	Texas	88563
Anna-diana Hairesnape	47 Lake View Terrace	Dayton	Ohio	45454
Oliviero Zorener	17 Sundown Junction	Mobile	Alabama	36641
Bent Winckworth	70 Delladonna Center	Fresno	California	93750
Sheila Faux	0452 Shelley Park	Tallahassee	Florida	32399
Hillel Dungate	70125 Knutson Lane	Jackson	Mississippi	39210
Appolonia Sinton	0 Ludington Crossing	Sparks	Nevada	89436
Georgie Hutt	8592 Burning Wood Crossing	Austin	Texas	78737
Trudy Bentke	7 Stephen Pass	Waterbury	Connecticut	6721
Ryley MacGibbon	625 Kennedy Plaza	Lynn	Massachusetts	1905
Cesare Wontner	7 Killdeer Plaza	Austin	Texas	78759
Fancy Tetford	81 Erie Crossing	Honolulu	Hawaii	96835
Rowen Bulter	198 Saint Paul Terrace	Homestead	Florida	33034
Lesley Le Breton	54 Stephen Place	Oklahoma City	Oklahoma	73114
Lewes Wolford	33382 David Street	Washington	District of Columbia	20051
Morly Ridgwell	933 Sunfield Avenue	Irving	Texas	75062
Carry Thomerson	40691 Thackeray Place	Philadelphia	Pennsylvania	19178
Kristien Roycroft	339 Cordelia Circle	Omaha	Nebraska	68197
Mendel Titcumb	82 Northfield Crossing	Columbia	South Carolina	29225
Julian McGregor	4 Continental Way	Louisville	Kentucky	40280
Michell Goss	300 Straubel Junction	Chattanooga	Tennessee	37450
Hortensia Grigoroni	3 Brown Alley	Pueblo	Colorado	81010
Gerti Pieter	4 Longview Terrace	Memphis	Tennessee	38114
Julie Lightowler	368 Carpenter Way	Washington	District of Columbia	20067
Con Rogans	51 Rigney Hill	Anniston	Alabama	36205
Perceval MacCracken	23 7th Street	Des Moines	Iowa	50310
Frederigo Carlett	07469 Anhalt Point	Flint	Michigan	48505
Vanessa Brewitt	1820 Autumn Leaf Center	Amarillo	Texas	79171
Annis Ainslie	3419 Del Mar Avenue	El Paso	Texas	79999
Kevan Bellringer	5945 Sachs Drive	Little Rock	Arkansas	72209
Cecilius McHardy	1184 Victoria Alley	Cleveland	Ohio	44130
Mufi Licquorish	27 Boyd Parkway	Saint Louis	Missouri	63121
Davida Dumbelton	6504 Glendale Avenue	Denton	Texas	76205
Isaak Collison	9 Daystar Road	Greenville	South Carolina	29615
Nyssa Crozier	96 Hudson Plaza	Harrisburg	Pennsylvania	17121
Rudy Costigan	8029 Lindbergh Center	Huntington	West Virginia	25716
Frankie Kirsopp	8 Sheridan Lane	Naperville	Illinois	60567
Milton MacLaig	6 Chinook Pass	Palatine	Illinois	60078
Buck Haddy	9 Lighthouse Bay Plaza	Saint Louis	Missouri	63126
Sigrid Glasper	26 Crest Line Terrace	El Paso	Texas	79923
Hedda Matiashvili	544 Anderson Court	Sacramento	California	94245
Giorgi Edgworth	2 Anzinger Street	Colorado Springs	Colorado	80920
Cherice Castel	2108 Lotheville Park	Chattanooga	Tennessee	37410
Jerrilee Robbey	28 Del Sol Road	Providence	Rhode Island	2912
Neils Regus	5 Northwestern Trail	Newark	New Jersey	7112
Laurel Boakes	219 Longview Terrace	Gatesville	Texas	76598
Dorthy Sargint	91845 Orin Avenue	Mansfield	Ohio	44905
Way Eyes	205 Macpherson Hill	Newton	Massachusetts	2458
Uta Kilgallen	0676 8th Road	Orlando	Florida	32891
Curry Cunnah	60 Jackson Crossing	Knoxville	Tennessee	37914
Grove Scamel	2 Brentwood Lane	Los Angeles	California	90025
Raviv Pilgram	00332 Beilfuss Point	Van Nuys	California	91411
Kalinda Guppy	486 Vera Crossing	Los Angeles	California	90010
Patricio Udale	489 Shopko Junction	Saint Louis	Missouri	63136
Aggy Kershaw	90 Burning Wood Avenue	Washington	District of Columbia	20220
Nomi Mandry	872 Donald Junction	Metairie	Louisiana	70005
Ava Siggin	420 Linden Pass	Los Angeles	California	90065
Sena Whiteoak	35608 Thompson Trail	Sparks	Nevada	89436
Maria Lehrmann	41 Truax Drive	Minneapolis	Minnesota	55441
Chrysa Zanini	323 Hallows Park	Amarillo	Texas	79165
Ann-marie Rigardeau	69811 Dapin Point	Stockton	California	95298
Claudine McAughtry	074 Luster Way	Lancaster	California	93584
Mickie Feye	8 Hallows Terrace	Johnstown	Pennsylvania	15906
Brandice Poles	8803 Burning Wood Lane	Houston	Texas	77276
Ulrika Thirwell	47 Mallory Hill	Saint Paul	Minnesota	55172
Eal Diplock	0 Westend Avenue	Amarillo	Texas	79105
Gerrard Chamberlain	39592 Messerschmidt Trail	Boise	Idaho	83757
Hildagarde Somerville	12 Golden Leaf Parkway	Los Angeles	California	90094
Hobey Jeppe	89404 Fisk Point	Lancaster	Pennsylvania	17622
Marita Brittin	5180 Fisk Pass	Dallas	Texas	75397
Pierre Deetlof	49 Nova Hill	Santa Barbara	California	93150
Galvin Maude	05128 Quincy Street	Akron	Ohio	44321
Dede Prandy	54 Corscot Terrace	San Diego	California	92145
Orion Desbrow	98 Clarendon Way	Nashville	Tennessee	37210
Raphaela Stempe	69 Ruskin Crossing	Atlanta	Georgia	31165
Hewe Ruberry	647 Sutherland Street	Newark	New Jersey	7188
Katina Achurch	972 Schmedeman Junction	Cincinnati	Ohio	45238
Barbaraanne Korbmaker	396 North Street	Largo	Florida	34643
Grata Newdick	2318 Waubesa Trail	Fort Worth	Texas	76192
Carol Goodlake	273 Iowa Center	Topeka	Kansas	66617
Rozanna Rubert	3 Rockefeller Court	Escondido	California	92030
Wernher Mayou	8 Sundown Avenue	Houston	Texas	77223
Rand Ambrogetti	9 Tony Circle	York	Pennsylvania	17405
Oliviero Shawcroft	373 Alpine Point	Pasadena	California	91109
Ninette Jordi	08 Eggendart Junction	Austin	Texas	78783
Allina Northage	6 Independence Circle	Charlotte	North Carolina	28284
Roland Davisson	163 Mockingbird Way	Decatur	Illinois	62525
Bendick Cotton	1 Weeping Birch Center	Tulsa	Oklahoma	74156
Ebony Medgewick	44 Mcguire Court	Atlanta	Georgia	30343
Sky Attrie	24 Kim Point	Fort Worth	Texas	76178
Jeannie Willshere	9123 Aberg Court	San Diego	California	92191
Arliene Perrelli	5501 Walton Road	Phoenix	Arizona	85062
Gerrie Greguol	366 Atwood Avenue	Tyler	Texas	75710
Any Rose	0625 Hanson Plaza	Metairie	Louisiana	70005
Berna Jahnisch	683 Northview Park	Washington	District of Columbia	20414
Jody Vaszoly	58 Oakridge Drive	Asheville	North Carolina	28805
Clarence Gethins	329 Green Place	Brooksville	Florida	34605
Demetra Wilcher	61 Transport Park	Boston	Massachusetts	2109
Eula Charlewood	61071 Springview Avenue	Fresno	California	93786
Torin Doogue	6 Ohio Place	Hollywood	Florida	33023
Jilleen Cottel	9 Graedel Terrace	Bloomington	Illinois	61709
Samaria Henken	6278 Spenser Crossing	Saint Louis	Missouri	63169
Gonzalo Isson	83 Anderson Crossing	Charlotte	North Carolina	28230
Tabbie Hans	294 Gerald Alley	Washington	District of Columbia	20430
Noemi Rizzardi	0 Hermina Lane	Little Rock	Arkansas	72231
Shirlee Shalliker	5 Carberry Alley	Brooklyn	New York	11205
Ludovika Kenna	1548 Golden Leaf Park	Raleigh	North Carolina	27621
Kelcie Helstrip	8 Susan Street	Chicago	Illinois	60652
Merline Bradborne	098 Garrison Hill	Sioux City	Iowa	51105
Agnes McTrustram	04 High Crossing Parkway	Detroit	Michigan	48267
Thalia Sisneros	7 Knutson Place	Louisville	Kentucky	40298
Desmund Hinnerk	64508 Garrison Drive	Springfield	Illinois	62723
Steward Voss	2 Vernon Road	Odessa	Texas	79764
Shalom Pembery	61591 Moulton Place	Los Angeles	California	90035
Tobie MacParland	53751 Weeping Birch Court	Colorado Springs	Colorado	80925
Tallou Heyworth	74 Mccormick Lane	Oklahoma City	Oklahoma	73197
Carlie Halbord	32 Briar Crest Circle	Kansas City	Missouri	64193
Caron Sympson	241 Meadow Valley Drive	Saint Paul	Minnesota	55188
Brigid Labbett	38 Hintze Parkway	Athens	Georgia	30610
Nicola Penna	93188 Graceland Avenue	Ocala	Florida	34474
Lilly Moylane	408 Knutson Trail	San Bernardino	California	92415
Traver Burniston	6 Stone Corner Parkway	Bloomington	Indiana	47405
Willy Flowers	09 Farragut Plaza	Denver	Colorado	80255
Lenci Ambroziak	43833 Hanson Court	Philadelphia	Pennsylvania	19146
Hi Aleksandrov	6062 Esch Drive	Phoenix	Arizona	85053
Ailsun Treppas	08550 Cordelia Plaza	Memphis	Tennessee	38197
Berny Zannuto	15 Moland Center	Houston	Texas	77245
Felisha Akaster	8671 Gale Way	Plano	Texas	75074
Ernst Veeler	3817 School Point	Corpus Christi	Texas	78475
Eberhard Moff	57 Farragut Terrace	New York City	New York	10099
Emyle Cicconetti	1047 Dahle Trail	Dayton	Ohio	45426
Keri Heinemann	03 Dwight Road	Honolulu	Hawaii	96825
Cordell Matteucci	5 Prairie Rose Way	Tucson	Arizona	85754
Maible Comelli	513 Southridge Drive	Tampa	Florida	33647
Catherine Talboy	02 Nevada Hill	Columbus	Ohio	43231
Rosanne Kighly	67 Chinook Road	Fresno	California	93773
Leonore Le Blond	28941 Bay Court	San Diego	California	92105
Anton Pickin	98 Kim Terrace	Pompano Beach	Florida	33075
Viviyan Pepis	246 Hoepker Junction	Birmingham	Alabama	35295
Haley Jeannin	379 Walton Plaza	Charlotte	North Carolina	28225
Drucy Gatherell	32039 Harper Drive	Richmond	Virginia	23208
Carter Audiss	46 Kedzie Place	Reading	Pennsylvania	19605
Olva Corney	26 Hauk Pass	Tampa	Florida	33647
Ado Truesdale	8356 Vahlen Road	El Paso	Texas	88558
Garik Berdale	96 Reinke Road	Miami	Florida	33245
Lianna Ganter	56 Banding Parkway	Lees Summit	Missouri	64082
Hazel Piele	1 Sunbrook Center	Morgantown	West Virginia	26505
Sindee McCullen	3267 Sage Park	Pensacola	Florida	32526
Ange Josefowicz	666 Kipling Way	Columbia	South Carolina	29215
Lombard Trower	2 Hudson Parkway	Austin	Texas	78764
Phyllys Warcop	572 Oak Junction	Spring Hill	Florida	34611
Balduin MacNamara	6497 Fulton Place	Cleveland	Ohio	44191
Mellisa Lilly	96961 Village Park	El Paso	Texas	88525
Linoel Tricker	44 Crownhardt Plaza	Seattle	Washington	98104
Nickey Abrey	476 Brown Lane	Bethesda	Maryland	20892
Holly-anne Soppett	40 Superior Terrace	Fresno	California	93786
Mayer Hallwood	306 Becker Parkway	Fort Wayne	Indiana	46814
Raquel Thomasset	7 New Castle Way	Washington	District of Columbia	20430
Lishe Barthrup	09477 Barby Trail	Humble	Texas	77346
Mendy Clute	94 Arrowood Avenue	Denver	Colorado	80291
Kalli Colaco	8930 Pleasure Road	Columbus	Ohio	43268
Borden Elward	78 Lerdahl Parkway	Cleveland	Ohio	44185
Jdavie Follett	44683 Truax Plaza	New York City	New York	10131
Cathrine Holleran	4 Schiller Alley	Suffolk	Virginia	23436
Noach Nys	889 Heffernan Point	Kent	Washington	98042
Emory Rooms	3 7th Plaza	Montpelier	Vermont	5609
Henryetta Bern	156 Manufacturers Park	Annapolis	Maryland	21405
Darelle Devonish	005 Novick Court	Chesapeake	Virginia	23324
Latrena Edards	172 Esker Way	Indianapolis	Indiana	46266
Clement Jenkin	2 Portage Crossing	Monticello	Minnesota	55565
Alexander Hymans	4 Sundown Trail	San Antonio	Texas	78220
Ibby Strutley	763 Jenifer Lane	Bakersfield	California	93311
Konrad Youngs	70 Mayer Park	Sacramento	California	95823
Claudius Benitez	0805 Sunnyside Street	Charleston	West Virginia	25313
Sigismundo Flintiff	80243 Vermont Junction	Pittsburgh	Pennsylvania	15240
Montgomery Nagle	838 Warrior Park	Washington	District of Columbia	20310
Olivette Millan	40 Florence Street	Colorado Springs	Colorado	80930
Chiquita Ledram	58 4th Place	Arvada	Colorado	80005
Rufus McGillivray	67578 Summerview Pass	North Hollywood	California	91606
Minna Kimberly	469 Cambridge Court	San Jose	California	95113
Noe Durand	34 Talisman Crossing	Minneapolis	Minnesota	55423
Debbi Hinkens	412 Riverside Court	Buffalo	New York	14233
Uri Burniston	9078 Banding Center	Gilbert	Arizona	85297
Dotti Chichgar	375 Mariners Cove Junction	Houston	Texas	77045
Phillipe Cavaney	7502 Bonner Place	Raleigh	North Carolina	27626
Gerri Donett	349 Hintze Plaza	Oakland	California	94611
Edd Kave	17 6th Alley	White Plains	New York	10633
Hermy Sobczak	8 Randy Place	Birmingham	Alabama	35285
Farrah Aronstam	29571 Briar Crest Terrace	Salt Lake City	Utah	84170
Pippa Longhurst	891 Hermina Lane	Oklahoma City	Oklahoma	73179
Carmelia Gensavage	674 Dahle Court	North Las Vegas	Nevada	89087
Ede Rotlauf	24289 Anzinger Place	Houston	Texas	77055
Merrick Binley	00 Sutherland Parkway	El Paso	Texas	79968
Sibilla Romer	39447 Hayes Park	Annapolis	Maryland	21405
Jenda Le Marchant	574 Gina Park	Memphis	Tennessee	38168
Galvin Kibard	6773 Veith Way	New York City	New York	10004
Jeramey Sorrel	40718 Donald Parkway	Phoenix	Arizona	85053
Goldia Primo	9 Shasta Parkway	Jacksonville	Florida	32225
Taylor Epton	6 Prentice Park	Houston	Texas	77299
Audi Hiscoke	7 Dottie Alley	Harrisburg	Pennsylvania	17140
Jojo Hurley	5033 Spohn Way	Bakersfield	California	93381
Claus Potell	22 Corry Junction	Yonkers	New York	10705
Marice Fassan	74751 Myrtle Junction	Nashville	Tennessee	37215
Earle Wesson	83423 Sullivan Drive	New York City	New York	10260
Isabel Shirt	11040 Scofield Parkway	Washington	District of Columbia	20078
Quentin Kearford	417 Oxford Plaza	Raleigh	North Carolina	27690
Thaine Bartles	77286 Hoffman Terrace	Nashville	Tennessee	37250
Ravid Gainsford	56 Monica Way	Galveston	Texas	77554
Chane Perree	6168 Golf Court	Las Vegas	Nevada	89160
Fidel Handasyde	8 Gulseth Plaza	Tuscaloosa	Alabama	35487
Coral Hudleston	9473 Ronald Regan Plaza	Saint Louis	Missouri	63131
Cristin Borrel	53919 Twin Pines Point	Huntington	West Virginia	25705
Derwin McMains	5963 Moland Hill	Carol Stream	Illinois	60351
Janifer Greader	802 Lillian Place	Louisville	Kentucky	40293
Garrard Coulling	04878 Orin Junction	Buffalo	New York	14215
Inglis Climie	8441 Mandrake Avenue	New York City	New York	10155
Madlin Errol	02 Aberg Parkway	Tampa	Florida	33661
Felicle Davidy	80 Mccormick Court	Springfield	Massachusetts	1105
Delila Cossons	543 Fair Oaks Pass	San Jose	California	95113
Cherish Nangle	0 Northwestern Lane	Topeka	Kansas	66642
Bobbi Dello	82310 Village Street	Houston	Texas	77240
Cindy Jesse	3 Dwight Street	San Jose	California	95113
Jori Rapin	81 Lindbergh Alley	Tucson	Arizona	85720
Stefania By	30356 Red Cloud Trail	San Diego	California	92127
Neilla Simmance	40826 Everett Junction	Manchester	New Hampshire	3105
Carly Mee	4774 Dwight Road	Washington	District of Columbia	20057
Kakalina Sherwen	73 Crescent Oaks Hill	Pasadena	California	91125
Serge Spindler	614 Warner Road	Chattanooga	Tennessee	37410
Ron Duesbury	77 Waxwing Pass	Santa Ana	California	92705
Eveline Cotherill	311 Butternut Pass	Arlington	Virginia	22244
Paulita Eastwood	9632 Bowman Parkway	Denver	Colorado	80209
Malvina Phillot	8899 Coolidge Point	Charlottesville	Virginia	22903
Ambrosi Misk	94 Troy Court	San Francisco	California	94110
Ursula Beert	03488 Express Place	Norfolk	Virginia	23509
Janos McEachern	1271 Warrior Center	Washington	District of Columbia	20268
Maje Crilly	7 Welch Crossing	Muskegon	Michigan	49444
Cassaundra Kretschmer	32098 Independence Junction	Beaumont	Texas	77713
Gasper Yurasov	8 Walton Hill	Bakersfield	California	93311
Geoffrey Turbat	3449 Trailsway Court	Grand Rapids	Michigan	49510
Ynez Gaspero	12538 Old Shore Pass	El Paso	Texas	79928
Georgia Asch	6691 Stoughton Hill	Louisville	Kentucky	40210
Norrie Ort	55913 Buena Vista Park	San Diego	California	92160
Siffre Wolfenden	973 Eliot Trail	Baton Rouge	Louisiana	70883
Magdalen O'Looney	2 Kim Drive	Birmingham	Alabama	35279
Antonio Marzelle	38730 Cottonwood Lane	Little Rock	Arkansas	72209
Devi Rentcome	9910 Oneill Alley	Peoria	Illinois	61614
Diandra Bastow	91 Arrowood Pass	Boca Raton	Florida	33499
Stevy Darlasson	499 Morrow Street	Miami	Florida	33245
Curran Wailes	3721 Eagan Court	Charleston	West Virginia	25362
Blanch Shackleford	0042 Harper Point	Buffalo	New York	14263
Jules Owbrick	125 Nelson Plaza	Milwaukee	Wisconsin	53210
Berta Rawood	08 Sycamore Point	Pittsburgh	Pennsylvania	15225
Sandro Thonason	14 Browning Circle	Chicago	Illinois	60630
Kahlil Foux	807 Dexter Avenue	Sacramento	California	94286
Marlie Moles	6242 Springview Circle	Dayton	Ohio	45426
Bastien Grove	5181 Mcguire Point	Jackson	Mississippi	39204
Burt Mc Meekin	83 American Ash Alley	Fort Smith	Arkansas	72905
Lydon Aizikov	55608 Pleasure Crossing	Carson City	Nevada	89706
Laird Tames	7 Grasskamp Alley	Tallahassee	Florida	32314
Savina Quaintance	655 Kim Trail	Albuquerque	New Mexico	87201
Lizette Murie	969 Sundown Point	Milwaukee	Wisconsin	53225
Ladonna Fiske	0817 South Crossing	North Port	Florida	34290
Dori Vanichkov	9 Buena Vista Place	Louisville	Kentucky	40266
Sholom Brokenshire	568 Butterfield Parkway	Houston	Texas	77045
Micah Cudiff	65938 Dahle Parkway	Washington	District of Columbia	20041
Marylou Roelofs	700 Amoth Park	Duluth	Minnesota	55805
Violetta MacNamee	227 Fremont Avenue	Virginia Beach	Virginia	23464
Nicola Dobbie	100 Maryland Hill	Memphis	Tennessee	38104
Judith New	08 Oak Point	Honolulu	Hawaii	96850
Belita Crichmer	2 8th Alley	Henderson	Nevada	89074
Valina Hugo	82 Lerdahl Parkway	San Diego	California	92176
Ardelle Dossetter	16809 Killdeer Place	Las Cruces	New Mexico	88006
Melita Bowles	2 Lukken Parkway	Providence	Rhode Island	2905
Alix Guidini	5010 Anniversary Lane	Atlanta	Georgia	30306
Crystie Sailor	591 Rutledge Junction	Austin	Texas	78715
Angelina Connikie	8241 Parkside Pass	Lexington	Kentucky	40581
Ashton Kalkofer	4011 Memorial Point	Sioux City	Iowa	51105
Birk Amsberger	8887 Kinsman Point	Philadelphia	Pennsylvania	19104
Cortie Enrigo	72 Independence Lane	Trenton	New Jersey	8650
Gerhardt Sandell	79 Oneill Trail	San Antonio	Texas	78255
Reade Blaza	58 Lien Trail	Kansas City	Kansas	66105
Claire Henden	96051 Declaration Road	Washington	District of Columbia	20078
Dani Collisson	040 Pond Court	San Francisco	California	94137
Clarita Willshere	589 Carey Park	Fort Smith	Arkansas	72916
Inga Brende	120 Debs Avenue	Orlando	Florida	32808
Ashby Wylam	1 Dennis Plaza	Hialeah	Florida	33013
Clio Lillee	141 Schiller Way	Gastonia	North Carolina	28055
Gaylor Becke	1 Southridge Park	Duluth	Georgia	30195
Karl O'Scanlan	612 Lukken Trail	Memphis	Tennessee	38150
Arie Glastonbury	389 Cambridge Street	Buffalo	New York	14269
Maryanna Stert	60714 Killdeer Court	San Antonio	Texas	78235
Carolann Pargiter	556 Nelson Pass	Charlotte	North Carolina	28225
Lief Eakley	2 Orin Crossing	Peoria	Illinois	61640
Xylina Girardini	8786 Kim Trail	Indianapolis	Indiana	46216
Arleyne Poupard	54071 Clemons Avenue	Anderson	Indiana	46015
Nerta Mashro	81 Buhler Alley	Seattle	Washington	98121
Marj Klug	6853 Hoffman Road	Augusta	Georgia	30905
Babb McTrustey	89136 Hollow Ridge Road	Grand Rapids	Michigan	49518
Liana Hynde	4 Canary Pass	Fort Worth	Texas	76147
Sascha Balhatchet	75376 Mayer Road	Portland	Oregon	97211
Orton Gozney	02821 Old Shore Avenue	Jefferson City	Missouri	65110
Nikolai Shadfourth	1209 Burrows Hill	Alexandria	Louisiana	71307
Darb Clarey	98 Sugar Crossing	Santa Barbara	California	93150
Ebonee Palfree	4 Old Gate Pass	Phoenix	Arizona	85005
Andriana Osbidston	3 Texas Street	Lancaster	California	93584
Astra Chowne	072 Beilfuss Alley	Pensacola	Florida	32505
Pascal Forster	812 Barnett Pass	Boulder	Colorado	80305
Greg Jeffs	374 Reindahl Circle	New York City	New York	10090
Heather Isaak	6685 Ludington Hill	Santa Rosa	California	95405
Malia Michallat	930 High Crossing Plaza	Camden	New Jersey	8104
Shurlock Habble	5499 Sunbrook Plaza	Boston	Massachusetts	2203
Nicholas Tilt	8286 Bunker Hill Court	Houston	Texas	77206
Fred Greason	70 Bayside Circle	Tampa	Florida	33633
Levin Meier	658 Hooker Avenue	Austin	Texas	78759
Lorinda Maevela	96420 Toban Point	Milwaukee	Wisconsin	53285
Derron Southerns	19164 Chive Court	Chicago	Illinois	60686
Nessa Rives	001 Southridge Point	Abilene	Texas	79605
Dorry Whisker	3 Bartelt Hill	Springfield	Massachusetts	1114
Slade Crofts	5 Knutson Junction	Brooklyn	New York	11247
Gianina Lukes	77 Schurz Point	Portland	Oregon	97271
Darlene Tubbles	6040 Ohio Court	Sarasota	Florida	34233
Sibley Chiverton	47 Lerdahl Junction	New York City	New York	10150
Amory Lytton	022 Dryden Way	Sacramento	California	95818
Abdul Ouslem	96 Schiller Trail	Houston	Texas	77228
Andrea Basilio	24 Cherokee Plaza	Fort Smith	Arkansas	72916
Danny Vogeler	50921 Blaine Pass	Fort Smith	Arkansas	72916
Luce Tuttle	5 Swallow Alley	Hampton	Virginia	23668
Brett Luty	41086 Crest Line Lane	Tucson	Arizona	85715
Guthrey Sharpe	22 Commercial Court	Flint	Michigan	48505
Delilah Savill	61 Ruskin Pass	Anchorage	Alaska	99522
