name,address,city,state
Zebedee Stearley,603 Sachtjen Pass,Seattle,Washington
Starlin Castello,32 Walton Junction,Lexington,Kentucky
Daryle Budgey,3 Manitowish Street,Pensacola,Florida
Mickie Easlea,06 Sunbrook Drive,Baton Rouge,Louisiana
Heidi Follet,9 Merchant Center,Dayton,Ohio
Fabien Ryal,11 1st Circle,Newport News,Virginia
Angelica Longhorn,9 Emmet Lane,Saginaw,Michigan
Sybille Ive,87196 Shelley Pass,Shawnee Mission,Kansas
Jammie Lubman,16096 Warbler Terrace,Saint Louis,Missouri
Trude Drewes,85593 Rigney Plaza,Spring,Texas
Kermit Corbishley,58 Anhalt Plaza,Sacramento,California
Eran Franschini,8753 Twin Pines Park,Houston,Texas
Marlon Klamman,72744 Badeau Way,Sacramento,California
Win Prandini,7852 Derek Circle,San Jose,California
Marleah Fursey,9430 Hermina Drive,Virginia Beach,Virginia
Irvin Okker,7655 Karstens Alley,Atlanta,Georgia
Webster Matoshin,51 Ilene Pass,Aiken,South Carolina
Wyatan Guyver,9008 Brickson Park Crossing,Rockville,Maryland
Stanton Gerauld,40174 Mallory Road,Saint Paul,Minnesota
Elnora Leyshon,2992 Nancy Alley,Vero Beach,Florida
Fredrika Sibley,851 Stang Terrace,Atlanta,Georgia
Dougie Liver,28 Harbort Center,Milwaukee,Wisconsin
Janette Atwater,84195 Sheridan Center,Shawnee Mission,Kansas
Raven Taborre,700 Northwestern Point,Fresno,California
Jazmin Loughead,253 Cardinal Trail,Sacramento,California
Rosene Antonutti,1 Quincy Point,Lincoln,Nebraska
Lloyd Cater,02 Sherman Street,Vero Beach,Florida
Carissa Bodker,99 Thierer Avenue,New York City,New York
Natty Murrigans,85903 Doe Crossing Terrace,Irving,Texas
Hayden Pache,4 Warrior Court,San Antonio,Texas
Renata Farrington,18 Arkansas Trail,Irvine,California
Edsel Tiley,5 Clemons Alley,Huntsville,Texas
Ardith Gives,0406 Tomscot Avenue,Trenton,New Jersey
Kathrine Gascone,550 Orin Way,Shawnee Mission,Kansas
Haskel Brodley,076 Fair Oaks Point,Chicago,Illinois
Starr Justham,0099 Shopko Crossing,Orlando,Florida
Kalie Arpino,5 Fordem Hill,Hot Springs National Park,Arkansas
Yule Calley,269 Muir Trail,Cincinnati,Ohio
Dacie Gue,97 Lerdahl Place,Providence,Rhode Island
Gawain Lubomirski,2 Delladonna Hill,Bethesda,Maryland
Hyacinth Vineall,54 Acker Place,Sacramento,California
Sarajane Summons,68909 Autumn Leaf Plaza,Fort Lauderdale,Florida
Etheline Rickets,068 Michigan Lane,Saint Paul,Minnesota
Isacco Caret,7 Northport Center,Flint,Michigan
Robbin Sheen,29 Jay Drive,Rochester,New York
Gerta Eastwell,4 Division Junction,El Paso,Texas
Shawn Eric,68088 Arkansas Parkway,Detroit,Michigan
Margy Churchard,286 Orin Trail,Greensboro,North Carolina
Sallee Tarr,441 Sauthoff Hill,Cleveland,Ohio
Obadiah Longstreeth,8511 Tomscot Point,Dulles,Virginia
Rudolf Bodega,3338 Shoshone Parkway,Tampa,Florida
Wright Denslow,18468 Porter Terrace,Minneapolis,Minnesota
Ozzie Lummis,22 Drewry Point,Springfield,Illinois
Van Narbett,9 Talisman Hill,Scottsdale,Arizona
Aylmar Combe,3904 Lukken Avenue,San Diego,California
Opaline Stacy,1732 Leroy Junction,Corpus Christi,Texas
Law Thoumasson,91 Corscot Road,Peoria,Illinois
Janetta Kleen,767 Anzinger Court,Houston,Texas
Shari Axtell,58 Leroy Alley,Des Moines,Iowa
Andre Birden,4932 Hanover Way,Fresno,California
Ripley Brandham,39 Manufacturers Trail,Roanoke,Virginia
Maressa Gerriet,1265 Norway Maple Parkway,Charleston,West Virginia
Merl Crayk,45 Autumn Leaf Plaza,Sioux Falls,South Dakota
Phyllida Speedy,4316 Oakridge Avenue,Johnstown,Pennsylvania
Sissy Keri,808 Bashford Way,Atlanta,Georgia
Ame Haine,7043 Oxford Lane,Anchorage,Alaska
Leoine Rohloff,16 Meadow Ridge Circle,Baton Rouge,Louisiana
Dominique Larkby,349 Scofield Terrace,Warren,Ohio
Jonis Scouler,69099 Morning Point,Erie,Pennsylvania
Artemas Rea,68943 Miller Hill,Omaha,Nebraska
Brendon Ventum,54 Delladonna Trail,Orlando,Florida
Magnum Hempshall,4 Birchwood Court,Independence,Missouri
Bobina Senecaux,13803 Hudson Point,Nashville,Tennessee
Pammie Giorgielli,0 Heath Street,Pittsburgh,Pennsylvania
Shelagh Axton,63680 Stoughton Point,Atlanta,Georgia
Jeremy Cardenas,5 Packers Road,Washington,District of Columbia
Fiona Janssens,46 Prairie Rose Parkway,Miami,Florida
Esmeralda felip,632 Gulseth Way,San Antonio,Texas
Mandie Proger,7004 Roxbury Junction,Atlanta,Georgia
Randolf Konert,5399 Arrowood Junction,Denver,Colorado
Valida Beuscher,46540 Dovetail Plaza,Richmond,Virginia
Davine Beresfore,5013 Oriole Circle,Rochester,New York
Pris Petett,14 Mitchell Terrace,Hot Springs National Park,Arkansas
Hope Weathey,24146 Brentwood Crossing,Saginaw,Michigan
Lennie Spearman,0 Troy Junction,Boynton Beach,Florida
Ruthanne Bohey,05 Sycamore Road,Newark,New Jersey
Goldie Skeemer,89357 Vernon Parkway,Saint Louis,Missouri
Wilmar Kunzler,46 Coolidge Lane,Dayton,Ohio
Paulette Hehir,4 3rd Plaza,Minneapolis,Minnesota
Monroe Pigney,31667 Lillian Parkway,Huntsville,Alabama
Richmond Foucard,4807 Pine View Circle,Aiken,South Carolina
Aurie Gibb,86 Cottonwood Lane,Seattle,Washington
Bondie Rummins,24 4th Plaza,San Antonio,Texas
Eileen Sottell,78150 Sage Terrace,Ogden,Utah
Clementia Seabrocke,28793 Hallows Road,Houston,Texas
Baillie Hoyer,92413 Sunnyside Junction,Shawnee Mission,Kansas
Gavan Godlee,0 Corry Drive,Albuquerque,New Mexico
Dahlia Osbaldstone,94 Birchwood Avenue,Sioux Falls,South Dakota
Julissa Esterbrook,7 Hazelcrest Road,Richmond,Virginia
Pete Puvia,2680 Garrison Hill,Peoria,Illinois
Carson Landsman,66975 Sullivan Trail,Naples,Florida
Karlotta Quelch,18340 Dottie Place,Detroit,Michigan
Woodrow McGlue,2 Gateway Avenue,Roanoke,Virginia
Angela Schapero,3873 Bartelt Park,Buffalo,New York
Nady Twiddell,32 Bonner Alley,New Haven,Connecticut
Ferdy Clipson,4998 Weeping Birch Junction,Decatur,Georgia
Bendite Semken,24 Cambridge Place,Sioux City,Iowa
Peyter Collibear,6367 Northland Pass,Whittier,California
Carr Julyan,974 Lindbergh Alley,Laredo,Texas
Faith Escolme,372 Hanover Plaza,Montpelier,Vermont
Moses Franzonello,90298 Amoth Park,Davenport,Iowa
Cobby Trowsdall,9 Columbus Hill,Henderson,Nevada
Vachel Barge,82 Granby Circle,Amarillo,Texas
Ina Doberer,57 Corben Crossing,Albuquerque,New Mexico
Selene Hoggetts,52435 Ridgeway Junction,Montgomery,Alabama
Kath Scurry,433 Victoria Crossing,Louisville,Kentucky
Goldi Oxberry,96 Cottonwood Trail,Arlington,Virginia
Maddalena Puleston,447 Scofield Street,Albuquerque,New Mexico
Camila Bachura,271 Everett Way,Iowa City,Iowa
Ermengarde Cabel,2043 Oneill Place,Buffalo,New York
Jermayne Dykins,15 Jenifer Way,Dayton,Ohio
Gertrud Harpur,47 Arapahoe Trail,Dallas,Texas
Karil Diego,503 Hovde Parkway,East Saint Louis,Illinois
Rolland Bixley,868 Cordelia Plaza,Newark,New Jersey
Leisha Fawloe,5 Mifflin Pass,Baton Rouge,Louisiana
Theadora Stevenson,589 Summer Ridge Park,Houston,Texas
Alisha Rissen,646 Fisk Plaza,Portland,Oregon
Gaven Goulstone,86449 Elgar Crossing,Oklahoma City,Oklahoma
Nolan Corballis,22694 Messerschmidt Hill,Aiken,South Carolina
Elfreda Cressingham,704 Commercial Park,Memphis,Tennessee
Stefanie Habberjam,9615 Jenifer Lane,Lansing,Michigan
Kass Teather,73 Mcbride Trail,Shreveport,Louisiana
Odell Hummerston,09 Meadow Valley Parkway,El Paso,Texas
Zilvia Allix,1166 Eagan Park,Shreveport,Louisiana
Arvie Leathwood,30 Rutledge Junction,Austin,Texas
Francoise Craney,8584 Green Hill,San Antonio,Texas
Scarlet Tester,376 Hanson Drive,Chicago,Illinois
Cary Baynard,73509 Menomonie Crossing,Tallahassee,Florida
Franchot Kissock,33 Glacier Hill Pass,Orlando,Florida
Gus Colnett,6892 Clove Plaza,Houston,Texas
Garvy Quinney,8 Fairview Point,Laredo,Texas
Cindie Vieyra,507 Jana Alley,Albany,Georgia
Nicola Wedmore,46671 Dorton Parkway,Winter Haven,Florida
Bren Menhci,5056 Kingsford Avenue,Columbia,South Carolina
Ardis Ventam,25 Shopko Avenue,Little Rock,Arkansas
Jessalin Bollin,2 Moose Alley,Amarillo,Texas
Tamma Yakovich,96247 Florence Lane,Littleton,Colorado
Jeffy Lepard,7 Morning Lane,San Antonio,Texas
Kaia Glave,94195 Florence Way,Jacksonville,Florida
Alexandra Kippins,9 Canary Trail,Riverside,California
Yoko McAllester,84593 Blackbird Point,Memphis,Tennessee
Toinette Skillington,03882 Schurz Court,Johnstown,Pennsylvania
Kamillah Aubrey,80 Mifflin Junction,Valdosta,Georgia
Adrian Mathie,1 Manitowish Center,Albany,New York
Helenka Foucard,7 Garrison Plaza,Atlanta,Georgia
Nobie Tuke,51554 Eagle Crest Point,El Paso,Texas
Olin Daud,9253 Hazelcrest Pass,Kansas City,Missouri
Melly Monck,16394 Killdeer Alley,Denver,Colorado
Shelli Grunson,31134 Merry Point,Sacramento,California
Tessie Plumbridge,390 Alpine Trail,Oklahoma City,Oklahoma
Pattie Starbeck,279 Sunbrook Crossing,San Antonio,Texas
Misty Punchard,97 Green Road,Akron,Ohio
Larissa Rutigliano,664 Bartillon Court,Young America,Minnesota
Heinrick Boni,2 Nelson Junction,College Station,Texas
Leelah Doulton,9624 Eagle Crest Crossing,El Paso,Texas
Mord Crow,095 Hooker Lane,Orange,California
Annabella Beggio,235 Mccormick Pass,Oklahoma City,Oklahoma
Sutherlan Muckloe,702 Tomscot Circle,Atlanta,Georgia
Siward Lyddiard,334 Toban Center,Trenton,New Jersey
Heath Creffield,017 Swallow Junction,Springfield,Massachusetts
Ardella Babe,06 Monica Street,Bethlehem,Pennsylvania
Barnabe Skillern,1 Grayhawk Drive,Ann Arbor,Michigan
Codie Tommis,12094 Stephen Street,Greenville,South Carolina
Carie James,2234 Fairview Lane,Henderson,Nevada
Corliss Trevna,63710 Dennis Alley,Albany,New York
Layney Livesey,2973 Blaine Avenue,Grand Rapids,Michigan
Conney Dallaway,3 Rockefeller Parkway,Dallas,Texas
Cordelia Behn,6 Twin Pines Court,Houston,Texas
Madelyn Thorneley,4664 Sloan Drive,Naples,Florida
Den Astlet,00 Vera Drive,Las Vegas,Nevada
Carly Pallister,36100 Eastlawn Center,Green Bay,Wisconsin
Pearle Wines,01 Longview Place,Minneapolis,Minnesota
Janessa Brabender,30959 Surrey Hill,Tucson,Arizona
Nial Pybus,79 Ruskin Lane,Columbus,Ohio
Lynette Bascomb,1 Banding Street,Amarillo,Texas
Brit Duxfield,7 Moland Plaza,Littleton,Colorado
Patsy Monnelly,53895 Mandrake Trail,Oklahoma City,Oklahoma
Sonnnie Edlington,681 Village Trail,Fort Worth,Texas
Austin Gawthrop,1 3rd Plaza,Baltimore,Maryland
Klarika Lippi,97465 Fordem Hill,Macon,Georgia
Marcile Devonald,7 Forest Dale Road,Sacramento,California
Flore Cochran,70068 Walton Avenue,Albany,New York
Bear Scanderet,7 Dryden Place,Lexington,Kentucky
Amalie Cotsford,905 Lien Circle,Fort Worth,Texas
Zachary Rastrick,48 Nobel Trail,Naples,Florida
Arline Wellum,24417 Forest Center,Wichita,Kansas
Bellina Sabati,8 Vera Junction,Spartanburg,South Carolina
Maddie Burris,4335 Sutherland Court,Van Nuys,California
Ernest Dignall,7 Leroy Street,Louisville,Kentucky
Dena Swatton,3180 Northport Center,Anaheim,California
Jenna Saywood,88005 Carpenter Lane,Charleston,West Virginia
Erasmus Lacotte,08344 Ridge Oak Trail,Saint Joseph,Missouri
Darryl Blakeborough,9209 Ryan Parkway,Port Washington,New York
Tildy Grimwood,37 Scoville Way,Sacramento,California
Felix Emerson,1 Drewry Court,Olympia,Washington
Taber Vaen,4 Shopko Park,Houston,Texas
Tann Davydychev,4 Pearson Drive,Billings,Montana
Babette Hall,296 Quincy Drive,Peoria,Illinois
Jessi Bondy,43 Rowland Park,Springfield,Illinois
Hartwell Feldmus,253 Bunting Point,Roanoke,Virginia
Margit BURWIN,99 Merchant Terrace,Amarillo,Texas
Birgitta Jansky,9 Union Avenue,Oceanside,California
Trish Marklew,481 American Pass,Trenton,New Jersey
Stirling Cardoe,22215 Rieder Plaza,Hampton,Virginia
Emmie Rose,7203 Merrick Circle,Norcross,Georgia
Redford Garrit,4476 Kinsman Point,Sunnyvale,California
Sybil Bendan,21 Nancy Crossing,Oakland,California
Hy Jouanot,76 Manufacturers Point,Long Beach,California
Bette McQuorkell,25 Bowman Road,Brooklyn,New York
Angy Maden,3028 Tennyson Junction,Albuquerque,New Mexico
Ninnette Flea,859 Buena Vista Plaza,Des Moines,Iowa
Kristoffer Casserley,247 Sage Pass,Saint Louis,Missouri
Frannie O'Coskerry,2 Green Ridge Place,Albany,New York
Ardelia Leggitt,1 Nobel Terrace,Syracuse,New York
Skipton Iskowitz,263 Pankratz Plaza,Peoria,Illinois
Cindi Matovic,08 Emmet Pass,El Paso,Texas
Flss Chaster,96 Michigan Drive,Memphis,Tennessee
Lettie Janoschek,583 Upham Junction,Las Vegas,Nevada
Sal Steade,874 Lillian Crossing,Sacramento,California
Carleton Brantl,13896 Randy Street,Spring,Texas
Arlene Gratton,5663 Spaight Road,Portland,Oregon
Vida Trammel,23992 Oriole Avenue,Evansville,Indiana
Marcello Fattore,7501 Mcbride Court,Birmingham,Alabama
Elsie Flanagan,0990 Towne Drive,Saint Louis,Missouri
Hildegarde Jeannot,265 Dexter Alley,Albuquerque,New Mexico
Kim Battram,7 Wayridge Alley,Providence,Rhode Island
Ernestus Renvoys,71 High Crossing Parkway,Orange,California
Sashenka Eggers,8124 Forest Plaza,Wichita,Kansas
Trina Shiell,705 Muir Parkway,Washington,District of Columbia
Godfrey Lamblin,3 Fremont Park,Peoria,Illinois
Wilma Tokley,169 Russell Plaza,Richmond,Virginia
Benny Harriskine,457 Kim Drive,Macon,Georgia
Harbert Callaghan,4 Lyons Trail,Milwaukee,Wisconsin
Archibald Antonijevic,93023 Lighthouse Bay Center,Madison,Wisconsin
Zachariah Pollington,9787 Rockefeller Trail,New York City,New York
Jesse Roylance,81543 Golf View Drive,Spring,Texas
Wilburt O'Boyle,0 Armistice Circle,Miami,Florida
Boigie Mapp,81 Crowley Alley,Carol Stream,Illinois
Moyna Paddeley,61302 Anthes Crossing,High Point,North Carolina
Gertrude Barkes,1196 Brown Crossing,Rochester,New York
Ashly Peche,369 John Wall Drive,Winston Salem,North Carolina
Ginelle Cumbridge,76 Jenna Parkway,Albuquerque,New Mexico
Fielding Gosnell,0 Chinook Trail,Santa Clara,California
Val Lotwich,4997 Scofield Parkway,Pensacola,Florida
Jenn Van den Broek,2585 Waxwing Street,Saint Paul,Minnesota
Torey Clelle,4402 Summer Ridge Plaza,Shreveport,Louisiana
Borg Rahill,5400 Gale Drive,Sterling,Virginia
Loutitia D'Souza,90752 Moulton Park,Flint,Michigan
Coreen Phillps,04 Cherokee Way,Washington,District of Columbia
Emlen Poyser,7 Bunker Hill Avenue,Colorado Springs,Colorado
Ginnifer Erlam,3496 Daystar Junction,Anchorage,Alaska
Elianora Whenham,614 Commercial Junction,Fort Worth,Texas
Wynnie Olenikov,858 Johnson Plaza,Charlotte,North Carolina
Edi Shalcros,1470 Mockingbird Plaza,Dallas,Texas
Wrennie Kohnemann,33 Brown Lane,Columbus,Ohio
Harcourt Faill,4 Dakota Park,Topeka,Kansas
Corina Kenset,077 Jenifer Circle,Philadelphia,Pennsylvania
Elset Bangs,12020 Melody Crossing,Apache Junction,Arizona
Glennis McAvin,5756 Nancy Junction,Providence,Rhode Island
Dewie Tissington,05 Ramsey Hill,Albuquerque,New Mexico
Paquito Knuckles,19 Scoville Lane,El Paso,Texas
Carree Hargrove,9850 Norway Maple Drive,Mesa,Arizona
Shannon Etherson,66530 Dakota Trail,Stamford,Connecticut
Ruthie Binstead,68 Monica Way,San Francisco,California
Emogene Mogra,749 Hayes Plaza,Anchorage,Alaska
Annamarie Packington,8 Green Road,Bloomington,Indiana
Iseabal Sheather,121 Little Fleur Lane,Fort Smith,Arkansas
Ruthy Reggler,9569 Kim Pass,Daytona Beach,Florida
Niven Brydson,8399 Northview Circle,Louisville,Kentucky
Ruby Bottrell,2921 Grasskamp Parkway,Chico,California
Dyann Rubinsaft,438 Graceland Way,Pocatello,Idaho
Yolande Kennealy,87324 Spaight Crossing,San Antonio,Texas
Jamal Guirardin,07 Merrick Place,Columbia,South Carolina
Sancho Trenbey,48 Crescent Oaks Place,Dallas,Texas
Lewie Quixley,70 Prairieview Road,Washington,District of Columbia
Witty Quirk,932 Dapin Way,Saint Petersburg,Florida
Kellina Murname,3 Autumn Leaf Point,Kansas City,Missouri
Roseline Fust,10131 Kennedy Park,Ocala,Florida
Barnabe Conquest,25 Forest Dale Way,Omaha,Nebraska
Dori Davitashvili,6136 Fieldstone Street,Boise,Idaho
Oneida Van der Krui,14045 Messerschmidt Circle,Toledo,Ohio
Zeb Vahl,2 Manley Junction,El Paso,Texas
Trude Howling,19 Esker Parkway,Bethesda,Maryland
Alayne Sijmons,937 Mosinee Place,Hamilton,Ohio
Lowell Fincham,43304 Forster Way,San Diego,California
Kata Headings,51 Dwight Place,Springfield,Massachusetts
Yves Murrish,93577 Grasskamp Trail,El Paso,Texas
Hedy Heinreich,0 Magdeline Hill,Atlanta,Georgia
Susana Rubert,60 Transport Circle,San Diego,California
Toni Jatczak,4 Dayton Lane,New York City,New York
Leeland Fosse,9 Karstens Drive,Sioux Falls,South Dakota
Teddy Duerdin,193 Fieldstone Place,Milwaukee,Wisconsin
Jacquelin Peracco,6 Prairieview Park,Columbus,Ohio
Jody Blazek,59309 Anderson Circle,Provo,Utah
Myrle Berryman,70043 1st Point,Saint Augustine,Florida
Phedra Ruffli,4558 Commercial Terrace,Houston,Texas
Dian Pattison,6432 Maple Junction,Greenville,South Carolina
Zackariah Niece,011 Ruskin Avenue,Toledo,Ohio
Melodee Ryce,9 Norway Maple Place,Springfield,Virginia
Bron Ber,9468 Maple Pass,Peoria,Illinois
Timothea Moye,336 Columbus Crossing,Sacramento,California
Kelcie Cottill,7936 American Ash Circle,Saint Paul,Minnesota
Emalee Utting,024 Reinke Drive,Cleveland,Ohio
Faydra Lemerle,39360 Briar Crest Parkway,Oakland,California
Clarey Hardeman,04785 Ridgeway Street,Rochester,New York
Wendy Clemencon,4 Johnson Plaza,Visalia,California
Berkie Kingstne,0 Maple Wood Parkway,Tampa,Florida
Sephira Moryson,779 Fairview Point,Omaha,Nebraska
Isak Millen,3308 Mariners Cove Center,Memphis,Tennessee
Esra Guiden,0176 Anderson Avenue,Baltimore,Maryland
Cathlene Chatel,4 Grover Junction,Amarillo,Texas
Wilmar Franchyonok,61098 Arkansas Parkway,Washington,District of Columbia
Verine Paolotto,164 Spaight Pass,Tallahassee,Florida
Iorgo Garnsworth,71832 Buell Court,Cumming,Georgia
Howie Wallage,967 Manitowish Drive,Memphis,Tennessee
Pansy O' Molan,2165 Pine View Junction,Houston,Texas
Jillana Bodimeade,56 Stephen Park,Columbia,Missouri
Jena Burkett,67 Anniversary Trail,New York City,New York
Birgit Becarra,4 Pennsylvania Center,New York City,New York
Cynthie Fullilove,60 Schlimgen Plaza,Silver Spring,Maryland
Frasquito Freckingham,7 Sage Street,Pittsburgh,Pennsylvania
Chelsey Kemsley,30 Loomis Street,Buffalo,New York
Annemarie Nutbrown,874 Westerfield Way,Oceanside,California
Dewain Jochen,5 Old Shore Plaza,Grand Rapids,Michigan
Heloise Van Oord,0466 Nancy Trail,El Paso,Texas
Kathy Oels,28 Manitowish Center,Hollywood,Florida
Gerti Colter,0776 Little Fleur Park,Philadelphia,Pennsylvania
Abelard Clemmen,94032 Killdeer Street,Houston,Texas
Essy Geratt,2470 Loomis Place,South Bend,Indiana
Charo Gaskin,5991 Mayer Plaza,Los Angeles,California
Francois Ciciotti,4523 Westridge Hill,Norwalk,Connecticut
Ike Benford,75933 Prentice Lane,Kansas City,Missouri
Sydel Ash,8 Cherokee Point,Evansville,Indiana
Sidney Josipovic,2655 Acker Point,Albany,New York
Guillema Scales,1604 Southridge Way,Knoxville,Tennessee
Edgard Rabb,58 Center Center,Baton Rouge,Louisiana
Lance Starrs,179 Holy Cross Lane,Fayetteville,North Carolina
Tatiania Alvares,636 Summer Ridge Place,Boston,Massachusetts
Dorian Skipsea,8 Swallow Point,Decatur,Illinois
Salim Dash,88204 Bunker Hill Drive,Pasadena,California
Georgie De Pietri,7581 Havey Terrace,Ogden,Utah
Anna-maria Mompesson,1489 Pine View Park,Phoenix,Arizona
Codie Ackroyd,844 Stone Corner Trail,Colorado Springs,Colorado
Hirsch Sinton,494 Warbler Terrace,Brooklyn,New York
Rori Wistance,18384 Pawling Court,Cleveland,Ohio
Debby Matonin,48 Blaine Drive,Salt Lake City,Utah
Conrado Midford,93 Del Sol Way,Austin,Texas
Ellette Shenton,95881 Becker Junction,Pittsburgh,Pennsylvania
Marnia Riccione,7 Di Loreto Park,Los Angeles,California
Jillene Shipperbottom,8 Nevada Way,Tampa,Florida
Sharla Blindt,41719 Loftsgordon Way,Columbus,Georgia
Sully Whitelock,3630 Meadow Valley Drive,Des Moines,Iowa
Hughie Pashba,746 Village Hill,Saint Louis,Missouri
Seumas Elders,3082 Charing Cross Park,El Paso,Texas
Bonita Delafoy,34040 Moland Court,Mobile,Alabama
Ansley Blakeslee,667 Cardinal Avenue,Atlanta,Georgia
Melisandra Christal,52041 Eagle Crest Lane,El Paso,Texas
Vanya Fairrie,0 Forest Dale Crossing,Jamaica,New York
Elana Grand,371 Utah Place,Reston,Virginia
Zechariah Langfat,57744 Brown Trail,Fort Worth,Texas
Celestine Girodin,21 Anthes Terrace,Wichita,Kansas
Elke Sturzaker,52 Burrows Court,Norwalk,Connecticut
Luz Brandacci,537 Veith Park,Salt Lake City,Utah
Willette Gelletly,5 Logan Junction,New York City,New York
Ranice Taberer,92 Sloan Road,Birmingham,Alabama
Igor Jellicorse,5 Arrowood Park,Seattle,Washington
Starlene Sawforde,65 Carioca Way,Rochester,New York
Brit Abramov,4843 Springview Terrace,Pasadena,Texas
Josh Brelsford,8 Utah Court,San Diego,California
Nicholas Seabridge,28960 Mallard Avenue,Little Rock,Arkansas
Oralla Egalton,3924 Hudson Pass,Chattanooga,Tennessee
Ive Marples,37984 Lillian Circle,Van Nuys,California
Morgan Lademann,35112 Birchwood Parkway,Woburn,Massachusetts
Callean Dellenbroker,8516 Cody Parkway,El Paso,Texas
Krista Moberley,786 Merry Street,Santa Monica,California
Rube Dodd,031 Shelley Park,Houston,Texas
Frayda Menault,60499 Dahle Way,Jamaica,New York
Marco Ivashchenko,1 Leroy Court,Springfield,Illinois
Townie Blogg,02 Ilene Circle,Saint Louis,Missouri
Tildy Westrip,6 Stoughton Avenue,Torrance,California
Darlleen Willowby,652 Bayside Pass,Cleveland,Ohio
Zebulen Elvish,8 Mayfield Junction,Mesquite,Texas
Josie Huckin,03 Elgar Center,Detroit,Michigan
Liz Skyram,76799 Stoughton Terrace,Fort Collins,Colorado
Franciska O'Sherrin,7 Porter Way,Glendale,Arizona
Carmelle Fronzek,6 Maple Pass,Austin,Texas
Zacherie Dimic,25 Green Circle,Washington,District of Columbia
Robert Britcher,4003 Menomonie Place,Akron,Ohio
Cori Vick,8863 Vidon Park,Hyattsville,Maryland
Nessie Cluff,75 Westport Court,Ogden,Utah
Lesly Nunes Nabarro,944 Evergreen Hill,Silver Spring,Maryland
Melantha Ryde,46 Victoria Parkway,Arlington,Virginia
Gillan Cometson,07 Nevada Trail,San Jose,California
Aurilia Keepin,94 Rieder Circle,Richmond,Virginia
Binnie Gillhespy,196 Donald Hill,Orlando,Florida
Gauthier Dockrill,94 Katie Park,Miami,Florida
Dedra Jurkiewicz,5029 Eastwood Pass,Peoria,Arizona
Evin Warden,7 Mallory Way,Alexandria,Virginia
Lorain Skillern,10512 Roxbury Center,Buffalo,New York
Eadie O' Liddy,76 Duke Place,Providence,Rhode Island
Toni Raynton,97045 Evergreen Court,Sacramento,California
Dorelia Briat,98742 Thackeray Crossing,Cleveland,Ohio
Melitta Haws,466 Dexter Hill,Tucson,Arizona
Verile Anderer,555 Lien Circle,Fort Wayne,Indiana
Pegeen Dulake,31011 Maple Place,New York City,New York
Maiga Lanyon,2433 Kropf Place,Montgomery,Alabama
Keene Tomaini,4 Rutledge Lane,Hamilton,Ohio
Ali Warrack,3474 Raven Parkway,Birmingham,Alabama
Bertie Burfitt,4 Grasskamp Circle,San Diego,California
Bo Gersam,996 Sherman Alley,North Hollywood,California
Crissy Cristofano,6 Fallview Point,Saint Louis,Missouri
Justinn Sykes,2627 Thackeray Center,Billings,Montana
Fay Regorz,4 Mallard Court,Houston,Texas
Ruthann McKeaveney,464 Northridge Terrace,Colorado Springs,Colorado
Kerianne Faulks,10305 Caliangt Court,Tampa,Florida
Delilah Bales,248 Lukken Crossing,Orange,California
Moses Mellhuish,37073 Barnett Place,Wichita,Kansas
Darcie Billyeald,126 Loomis Alley,Augusta,Georgia
Regine Dengate,6277 Calypso Alley,Pittsburgh,Pennsylvania
Alvin Clingan,5109 Duke Junction,Milwaukee,Wisconsin
Hanan Duddy,2118 Sycamore Trail,Las Vegas,Nevada
Curr Pittle,4 Farwell Crossing,Anchorage,Alaska
Reagen Burbage,7 Scofield Hill,Springfield,Missouri
Terrell Retter,34779 Del Mar Alley,Madison,Wisconsin
Hodge Chadwin,6416 Charing Cross Place,San Francisco,California
Billy Hinksen,3278 Hintze Plaza,Saint Paul,Minnesota
Lara Mateuszczyk,36 Lyons Circle,Tampa,Florida
Elsbeth Cufflin,5300 Scoville Lane,Philadelphia,Pennsylvania
Toddie Holcroft,074 Golf Course Court,Fresno,California
Carline Eynon,65 Aberg Pass,Memphis,Tennessee
Mellie Egre,4262 Dorton Junction,Memphis,Tennessee
Gaven Duberry,68 Debs Place,Omaha,Nebraska
Welby Gratrex,46 Sage Terrace,Newport News,Virginia
Ealasaid Bertwistle,8218 Schurz Point,Baltimore,Maryland
Denyse Dilworth,42 Longview Parkway,Tucson,Arizona
Anselm Egdale,58 Sundown Place,Winter Haven,Florida
Raychel Surman,456 Manufacturers Alley,Grand Junction,Colorado
Riva Vedeshkin,002 Mayfield Street,Burbank,California
Candide Wedmore.,428 Del Sol Way,Sioux Falls,South Dakota
Cristionna Hollier,384 Sullivan Street,Nashville,Tennessee
Maisey Cuchey,343 Towne Trail,Metairie,Louisiana
Shandra Canto,89296 Birchwood Road,Topeka,Kansas
Ansell Skipper,2 Waxwing Park,Washington,District of Columbia
Fedora Ogelsby,8868 Acker Court,Macon,Georgia
Alair Gopsell,7607 Redwing Hill,Pittsburgh,Pennsylvania
Klarrisa Steptoe,79549 Manley Crossing,Omaha,Nebraska
Viki Sunnucks,229 Acker Park,San Angelo,Texas
Giacobo Mandrey,47 Memorial Plaza,Erie,Pennsylvania
Elke Bartalin,267 Ilene Junction,Colorado Springs,Colorado
Hazlett Backler,84195 Manufacturers Place,Charleston,West Virginia
Dru Duddin,9741 Ryan Trail,San Antonio,Texas
Vanessa Raleston,44449 Rusk Park,Canton,Ohio
Twyla McGing,11 Esker Park,Tuscaloosa,Alabama
Coreen MacGibbon,8493 Glendale Crossing,Syracuse,New York
Tobit Hazelgreave,32 Jay Drive,Brooklyn,New York
Leslie Cay,9809 Hermina Point,Aurora,Illinois
Flora Biggerstaff,1571 Saint Paul Pass,Los Angeles,California
Siusan Casiroli,250 Randy Avenue,Mobile,Alabama
Link Broom,30517 Hallows Way,White Plains,New York
Kristyn Tanfield,2 Mesta Lane,Boston,Massachusetts
Andrew Dumphries,569 Katie Terrace,West Palm Beach,Florida
Dorthea Keam,8 Coolidge Plaza,Phoenix,Arizona
Kellby Habbershon,56173 Waywood Court,Minneapolis,Minnesota
Gaye Kernes,9 Marcy Court,Detroit,Michigan
Ollie Stiff,11047 Acker Lane,Marietta,Georgia
Theodore Duckfield,44 Maryland Avenue,Arlington,Virginia
Elihu Playden,2866 Sycamore Point,Tempe,Arizona
Mendy Weigh,72264 Fieldstone Avenue,Erie,Pennsylvania
Adel Grime,59 Rieder Circle,Buffalo,New York
Flora Narey,280 Atwood Parkway,Carson City,Nevada
Karrie Faherty,94670 Northwestern Pass,Brooklyn,New York
Lek Martinovic,345 Loftsgordon Avenue,Columbia,South Carolina
Oralie Sidle,07 Namekagon Point,Des Moines,Iowa
Shelagh Cutbush,8 Clarendon Parkway,Norfolk,Virginia
Orazio Siney,632 Warrior Terrace,Lynchburg,Virginia
Ki Allix,7215 Duke Junction,Oklahoma City,Oklahoma
Nani Goligher,811 Orin Junction,Charleston,South Carolina
Eileen Tidy,6 Lakeland Drive,Arlington,Virginia
Rubin Dreye,2 Kensington Lane,Memphis,Tennessee
Arlyne Cosley,92 Fremont Way,Syracuse,New York
Emmeline Wrought,74 Sage Junction,New Orleans,Louisiana
Zora Macconaghy,5 Claremont Court,New York City,New York
Cindi Bridgett,9800 Almo Lane,New York City,New York
Emmet Vannar,9141 Eastwood Avenue,Glendale,Arizona
Jemmie Nalder,39 Mosinee Parkway,Austin,Texas
Caressa Breckin,966 Lighthouse Bay Avenue,Silver Spring,Maryland
Ryley Lengthorn,72524 Sycamore Junction,Jacksonville,Florida
Izabel Fitch,83562 Helena Alley,Grand Rapids,Michigan
Jewelle Springham,048 Garrison Plaza,Milwaukee,Wisconsin
Nolie Cheine,2486 Pawling Street,Philadelphia,Pennsylvania
Stirling Brennan,30403 Randy Crossing,Washington,District of Columbia
Floyd Crosscombe,9 American Alley,Portland,Oregon
Giulia Delamaine,186 Vera Avenue,Norwalk,Connecticut
Thelma Santarelli,15 Cottonwood Parkway,Albuquerque,New Mexico
Catrina Vispo,6 Briar Crest Plaza,New York City,New York
Sharron Goldman,19 Clyde Gallagher Park,Los Angeles,California
Lotta Paddison,1074 Morning Parkway,Washington,District of Columbia
Abdul Khadir,7 Katie Pass,Harrisburg,Pennsylvania
Alejandra Rosenstengel,38 Holy Cross Terrace,Brooklyn,New York
Veronike Wedderburn,4725 Dahle Lane,San Diego,California
Tamarah Kalkofer,4 Rutledge Point,San Antonio,Texas
Mar Edgars,28 Bellgrove Drive,Dallas,Texas
Der Buckberry,873 Eastwood Place,San Antonio,Texas
Leodora Kelston,12 Arkansas Center,Jacksonville,Florida
Devonna Scrivener,08606 Eagan Park,Mobile,Alabama
Keven Haylor,0 Buhler Lane,Dayton,Ohio
Johnette Murgatroyd,38 Donald Point,Washington,District of Columbia
Nikolia Reily,8142 Butternut Court,Glendale,Arizona
Benni Arnopp,90722 Bobwhite Parkway,Fort Worth,Texas
Mikol Thain,01 Bluestem Point,Richmond,Virginia
Frank Hefford,75948 Fulton Drive,Tuscaloosa,Alabama
Hugues Gaskall,7 Harper Way,Kansas City,Missouri
Raquela Bowling,3 Loftsgordon Drive,Shreveport,Louisiana
Brett Crompton,613 Kinsman Pass,Irving,Texas
Vinita Swarbrick,0652 Randy Terrace,Oklahoma City,Oklahoma
Yvon Braithwaite,6 Waubesa Street,Los Angeles,California
Timothea Keerl,4466 Monica Trail,Concord,California
Bettina Smeeth,5 Lawn Trail,Schenectady,New York
Willamina Dorbin,7002 Cascade Point,Albuquerque,New Mexico
Arliene McGreal,42481 Roxbury Alley,Syracuse,New York
Dena Gandrich,305 Bunting Road,Southfield,Michigan
Venus Creyke,0 Hoffman Trail,Houston,Texas
Ula Marmyon,705 Memorial Way,Houston,Texas
Lanny Kochl,9382 Dunning Crossing,Saint Paul,Minnesota
Upton Feild,01 Ruskin Parkway,Shreveport,Louisiana
Barrie Tynewell,01 Boyd Street,Worcester,Massachusetts
Lenora Hargerie,3158 Oakridge Junction,Santa Monica,California
Lezley Loughman,18863 Fremont Circle,Portland,Oregon
Lowe Spracklin,28 Monterey Lane,Roanoke,Virginia
Angel Maddrell,122 Holmberg Way,Frederick,Maryland
Di Blunderfield,97 Arkansas Hill,Colorado Springs,Colorado
Adelheid Dizlie,62 Buena Vista Park,Topeka,Kansas
Billie Mathevon,41435 Anthes Point,Tucson,Arizona
Jeremy Ellerbeck,36 Beilfuss Park,Raleigh,North Carolina
Chandal Pheby,2520 Judy Terrace,Huntington,West Virginia
Bernardo Philippou,55 West Place,Atlanta,Georgia
Kyle Pontefract,03 Spohn Alley,Memphis,Tennessee
Sharl Farnill,26668 Fallview Place,Seattle,Washington
Bernarr Cecere,45 Stone Corner Pass,Orlando,Florida
Ondrea Humbles,3 Merrick Plaza,Brooklyn,New York
Esmeralda Bolderson,61 Prentice Center,Philadelphia,Pennsylvania
Loy De Brett,449 Homewood Road,El Paso,Texas
Seana Probbings,3 Anhalt Place,Charleston,West Virginia
Sigfrid Gatfield,28855 Twin Pines Street,Lincoln,Nebraska
Brade Attwood,539 Ridge Oak Avenue,Bethesda,Maryland
Corny Clair,638 Anniversary Junction,Corona,California
Taddeo Darrow,30367 Schmedeman Lane,Des Moines,Iowa
Sula McGloughlin,725 Sugar Parkway,Tulsa,Oklahoma
Kristofor Lermit,16127 Wayridge Circle,Birmingham,Alabama
Arlyn Mace,542 Bellgrove Lane,Oakland,California
Micah Spires,0138 Delaware Crossing,Milwaukee,Wisconsin
Dyana Ivel,2721 Troy Pass,Los Angeles,California
Betteann Winchcombe,8 Crescent Oaks Park,Silver Spring,Maryland
Paco Royson,9 Ridge Oak Center,Tucson,Arizona
Oates Volke,37 Sutteridge Street,Phoenix,Arizona
Gusti Hiorn,5014 Sullivan Way,Monroe,Louisiana
Efren Janaway,89137 Arkansas Terrace,Trenton,New Jersey
Jameson Tregenza,32 Eagle Crest Point,Port Saint Lucie,Florida
Adan Nesfield,78603 Hollow Ridge Crossing,Oklahoma City,Oklahoma
Dave Belone,344 Golf Circle,Fargo,North Dakota
Evanne Tirkin,6508 Manley Point,Dallas,Texas
Ashley Vanyashin,869 Oxford Court,San Diego,California
Aime Grodden,9 Mariners Cove Lane,Dallas,Texas
Torre Roizin,9 Jana Place,Wilmington,Delaware
Farrah Pierson,88 Sauthoff Lane,Orlando,Florida
Merrily Tarn,9831 Ridgeview Terrace,Cheyenne,Wyoming
Valma Hexham,57 Sullivan Alley,Arlington,Virginia
Matty Plaster,98 Onsgard Hill,Hartford,Connecticut
Ricki Kelston,9035 Lindbergh Lane,Toledo,Ohio
Kiel Dregan,520 Montana Crossing,Katy,Texas
Ardelis Ibbison,0 Monica Terrace,Lexington,Kentucky
Bruis Lawrence,472 Myrtle Terrace,Los Angeles,California
Ashley Hanshaw,5817 Washington Hill,Lancaster,Pennsylvania
Allegra Ollivierre,5 Melvin Terrace,Colorado Springs,Colorado
Gusella Brockington,888 Lunder Junction,Alexandria,Louisiana
Immanuel Elstow,663 Havey Hill,Houston,Texas
Shaw McRill,6 Vera Avenue,Largo,Florida
Chrissy Grabbam,249 Jay Hill,Honolulu,Hawaii
Elvyn Ancketill,5999 Di Loreto Drive,Sacramento,California
Celestyn Websdale,4 Pepper Wood Center,Des Moines,Iowa
Kelby Bertlin,248 Saint Paul Parkway,Oklahoma City,Oklahoma
Lulita Martusewicz,11610 John Wall Street,Tucson,Arizona
Vyky Dunckley,45351 Lakewood Gardens Pass,Chicago,Illinois
Adlai Toyne,0 Clemons Parkway,El Paso,Texas
Jannel Kaming,34 Eastwood Parkway,Columbus,Georgia
Judah Ivery,5681 Warner Street,Lincoln,Nebraska
Stoddard Handaside,4141 Cascade Crossing,Wilmington,Delaware
Bobby McQuaid,5687 8th Center,Peoria,Illinois
Angelle Humphrys,9 Bluestem Drive,Waco,Texas
Leigh Sivewright,140 6th Parkway,Salt Lake City,Utah
Kelsy Mahmood,44 Anniversary Place,Hialeah,Florida
Cacilia Antosik,0 7th Crossing,Phoenix,Arizona
Demetris Mattimoe,10741 Rigney Plaza,Springfield,Missouri
Tanya Tunnicliff,0642 Forest Dale Drive,Albany,New York
Alfredo Durdan,7059 Russell Pass,Fort Myers,Florida
Eb Agent,048 Paget Park,Greensboro,North Carolina
Shep Rylatt,8288 Dawn Crossing,Trenton,New Jersey
Dell Nolda,35 Anthes Street,Topeka,Kansas
Terrijo Pridmore,69269 Alpine Alley,Dayton,Ohio
Caroline Grenshields,068 Emmet Parkway,West Hartford,Connecticut
Hatti Bachelor,2294 Carey Parkway,Independence,Missouri
Jordain Van der Son,731 Thierer Road,Jacksonville,Florida
Irvine Botly,24 High Crossing Center,Knoxville,Tennessee
Mufinella Woodison,0652 Kropf Avenue,San Diego,California
Wilma Lerwell,9396 Messerschmidt Crossing,Fairfax,Virginia
Nikos Teasey,6 Duke Park,Scottsdale,Arizona
Cathy Arias,5 Knutson Terrace,Atlanta,Georgia
Ricardo Clerke,9572 Washington Crossing,Boston,Massachusetts
Sharona Meeron,071 Anhalt Court,Naples,Florida
Tiffie Mayall,5 Stephen Parkway,San Diego,California
Roseanne Foskin,5 Holmberg Road,Charleston,South Carolina
Jeffrey Mandre,55 Eagan Drive,Washington,District of Columbia
Eimile Pyne,0277 Eliot Hill,Jackson,Mississippi
Jeana Keyes,2981 Jackson Point,Wichita,Kansas
Al Kenyon,25509 Jackson Court,Charlotte,North Carolina
Joceline Lefort,892 Tennyson Court,Anaheim,California
Gilly Foy,88971 Troy Center,Detroit,Michigan
Maisie Maleby,57098 Comanche Lane,Los Angeles,California
Celka Stratford,883 Lien Terrace,Sacramento,California
Dorthy Sparey,14 Wayridge Road,Jamaica,New York
Merrily Ulyet,250 Graceland Road,Brooklyn,New York
Antonia Wenderott,556 Northridge Junction,Cincinnati,Ohio
Vi Denman,96366 Anderson Pass,Charleston,South Carolina
Tabby Schieferstein,80901 Nelson Point,Decatur,Illinois
Rees Jansik,896 Pond Point,Atlanta,Georgia
Alejoa Capponer,396 Susan Avenue,Sacramento,California
Padraig Copner,7 Texas Street,Sacramento,California
Iormina Alvar,74 Florence Plaza,Richmond,Virginia
Fidole Rao,423 Twin Pines Park,Colorado Springs,Colorado
Ana Sager,28 Portage Road,Tulsa,Oklahoma
Berna Dudenie,5283 Linden Parkway,Seattle,Washington
Paco Cleef,335 Carey Junction,Fredericksburg,Virginia
Costa Rivaland,3 Stuart Plaza,Washington,District of Columbia
Berti Strode,29079 Saint Paul Circle,Milwaukee,Wisconsin
Matty Wegner,039 Katie Terrace,Decatur,Georgia
Mano Maso,50 Messerschmidt Junction,Pompano Beach,Florida
Jessamine Fagence,185 Waubesa Way,San Diego,California
Carl Kenworth,0 Schmedeman Way,Albuquerque,New Mexico
Branden Beavers,27724 4th Park,Mobile,Alabama
Gordie Drinkwater,65 Anzinger Place,Topeka,Kansas
Merlina Fray,827 Grover Circle,Billings,Montana
Carita Petras,2028 Tomscot Place,Carson City,Nevada
Kathye Redley,544 Iowa Street,Spokane,Washington
Valina Massei,24623 Cottonwood Lane,Sparks,Nevada
Kalina Delgua,3190 Meadow Vale Park,Irving,Texas
Chevalier Ainscow,1 Coolidge Alley,Saint Louis,Missouri
Constantino Castella,355 Fair Oaks Road,Amarillo,Texas
Michel Fritche,8309 Forest Alley,Kansas City,Missouri
Robinet Snodin,211 Jay Court,Washington,District of Columbia
Arabella Gooderson,15 Oakridge Park,Evansville,Indiana
Adelina Gulberg,87240 Comanche Way,Minneapolis,Minnesota
Gennie Bentham,6 Norway Maple Hill,Winston Salem,North Carolina
Tess McRinn,177 Fairfield Alley,Savannah,Georgia
Jenni Yitshak,842 Thackeray Parkway,Santa Ana,California
Morganne Relph,9 Springs Plaza,Montgomery,Alabama
Jonis Smallpeace,019 Messerschmidt Drive,Atlanta,Georgia
Maurice Tallman,15 Macpherson Plaza,Dallas,Texas
Tobie Jeschner,77846 Glacier Hill Way,New York City,New York
Ellery Carnduff,022 Cambridge Lane,Peoria,Illinois
Ardis Pocklington,93 Ilene Junction,Sacramento,California
Feodor Klarzynski,919 Elgar Drive,Trenton,New Jersey
Delila Parvin,6156 Erie Crossing,Boulder,Colorado
Charlean Topaz,3672 Canary Center,Philadelphia,Pennsylvania
Olivia Lavens,26 Luster Way,Newton,Massachusetts
Gearalt Praton,0873 Monica Place,Portland,Oregon
Alecia Andreini,940 Glacier Hill Parkway,Moreno Valley,California
Bernhard Janas,1 Village Green Hill,Toledo,Ohio
Winny Brill,8 Blackbird Park,Louisville,Kentucky
Lynnett Matteris,5847 Claremont Terrace,Peoria,Arizona
Eimile Martel,03 Morrow Avenue,Washington,District of Columbia
Sherilyn Mc Gee,94 Lighthouse Bay Terrace,Marietta,Georgia
Max Ayrs,95 Browning Drive,Tulsa,Oklahoma
Tuck Shooter,7 Esker Court,Long Beach,California
Boyd Mercy,77 Mallard Avenue,North Las Vegas,Nevada
Norman Malicki,516 Haas Park,Boston,Massachusetts
Glynnis Hinze,1104 Shasta Junction,Baton Rouge,Louisiana
Galvan Lille,1 Summerview Parkway,Raleigh,North Carolina
Terri-jo Kubach,1 Goodland Avenue,Young America,Minnesota
Meaghan Rakes,8 Maywood Circle,Montgomery,Alabama
Carol Sawden,6715 Beilfuss Circle,Washington,District of Columbia
Randall Faro,7280 Bobwhite Road,Ocala,Florida
Saunderson Willgoose,39693 Drewry Parkway,Worcester,Massachusetts
Anders Carlile,9329 Oak Avenue,North Las Vegas,Nevada
Sileas MacParland,5567 Rutledge Pass,Dallas,Texas
Packston Bartkiewicz,174 Prentice Terrace,Colorado Springs,Colorado
Bethanne Foxwell,7 Fieldstone Way,Miami,Florida
Vevay Haverty,8852 Thompson Trail,Boise,Idaho
Liesa Ive,2034 Maryland Circle,Albuquerque,New Mexico
Anabelle Beedom,643 Dennis Place,Hamilton,Ohio
Karalee Liddy,6 Northfield Way,Savannah,Georgia
Angy Chaise,42 Moulton Plaza,Long Beach,California
Alissa Scargill,70128 Schurz Avenue,Newton,Massachusetts
Duffie Fowlestone,2 Coolidge Terrace,Boston,Massachusetts
Daven Pitkins,77 Waxwing Point,Memphis,Tennessee
Fraze Cawsey,7 Sutteridge Crossing,Philadelphia,Pennsylvania
Fair Ortet,0644 Dapin Circle,Boise,Idaho
Jonah Cottle,13 Anderson Drive,Worcester,Massachusetts
Iggie Antognozzii,306 Mayer Street,San Luis Obispo,California
Papageno Fogarty,42364 Graceland Street,Los Angeles,California
Roscoe Cobelli,74 Nobel Crossing,Los Angeles,California
Bert Chellenham,85 Hudson Park,Colorado Springs,Colorado
Tessy Trengrouse,47897 Alpine Avenue,Burbank,California
Frieda Herreran,119 Manley Junction,Houston,Texas
Dulcea Garrard,11 Veith Trail,Glendale,Arizona
Hartley Stainsby,25 Farwell Circle,Saginaw,Michigan
Dulcea Fraanchyonok,34 Bunting Parkway,Lubbock,Texas
Lorenza Berka,3441 Schiller Point,Memphis,Tennessee
Aaron Kersaw,1 Talisman Hill,Shawnee Mission,Kansas
Katee Hellard,6643 Maywood Crossing,Boise,Idaho
Anallese Legendre,1589 Morning Place,Anaheim,California
Miguela Gorcke,3666 Rigney Plaza,Garland,Texas
Mellicent Wolsey,021 Messerschmidt Drive,Gulfport,Mississippi
Elyn Keyse,371 Helena Avenue,Metairie,Louisiana
Lucias Velareal,78 Oriole Pass,Houston,Texas
Janaya Edington,4906 Amoth Point,Springfield,Illinois
Bettye Christoffersen,7695 Thompson Point,Atlanta,Georgia
Levon Aizikovitz,82 Harbort Point,Nashville,Tennessee
Cherida Birchill,5 Golf Course Way,Sacramento,California
Lorain McLeman,4641 Carberry Point,Columbia,South Carolina
Merrill Bessom,5242 Farmco Drive,Detroit,Michigan
Timi Calleja,01 Dorton Parkway,Richmond,California
Tamarah Tawse,37310 Russell Circle,Portland,Oregon
Brewster Ander,38 Kinsman Crossing,Bradenton,Florida
Addie Barten,77614 Warbler Avenue,Fresno,California
Angel Woodhams,5308 Laurel Center,Tacoma,Washington
Gradeigh Schneidar,8 Northfield Center,Irvine,California
Garrard Etches,0864 Grasskamp Way,Atlanta,Georgia
Cristiano Osgodby,0638 Bobwhite Court,Las Vegas,Nevada
Thibaut Paullin,65 Maryland Crossing,Decatur,Georgia
Alane Tournay,07919 Hanover Trail,Huntsville,Alabama
Haven Tue,70 West Avenue,Wilmington,North Carolina
Germain Wildman,3 Riverside Road,Erie,Pennsylvania
Jacquelyn Lawley,86 Loftsgordon Parkway,San Jose,California
Fae Cremen,83 Eliot Road,Lincoln,Nebraska
Ephraim Dilke,6447 Lillian Point,Flushing,New York
Persis Titchard,4819 Schurz Park,Los Angeles,California
Creigh Snook,72613 Randy Trail,Scranton,Pennsylvania
Melina Breakspear,699 East Street,Indianapolis,Indiana
Candida Boice,4 Sachs Center,Jacksonville,Florida
Bev Duff,3946 Laurel Street,Charleston,West Virginia
Konstantine Tindley,13410 Sunbrook Parkway,Salt Lake City,Utah
Rollin Pattini,90 Eagle Crest Lane,Evansville,Indiana
Anna-diana Peddie,7682 Almo Point,Nashville,Tennessee
Alisun Atthowe,8 Little Fleur Parkway,San Jose,California
Aguste Penrose,81 Vermont Parkway,Amarillo,Texas
Bethina Glozman,8711 American Ash Avenue,Charleston,West Virginia
Marguerite Cleveland,361 Kingsford Plaza,Austin,Texas
Janette Glanvill,064 Sherman Trail,Burbank,California
Editha Cubbon,9754 Crownhardt Hill,Montgomery,Alabama
Ulrica Shalloo,78 Carioca Crossing,Sandy,Utah
Allissa A'field,58 Lakewood Gardens Parkway,Phoenix,Arizona
Cristionna Dalgleish,08 Gale Place,New York City,New York
Catriona Billin,304 Pankratz Court,El Paso,Texas
Putnem Grinter,3645 6th Lane,Dallas,Texas
Pembroke Rainger,32 Parkside Trail,Clearwater,Florida
Philippe Sailor,20 Southridge Place,Peoria,Illinois
Carmelita Switsur,85259 Northfield Point,Spokane,Washington
Mahala Thorneloe,382 Moose Way,Homestead,Florida
Austina Northfield,731 Birchwood Place,New York City,New York
Royal Vedekhin,770 Thierer Hill,El Paso,Texas
Devi Yankishin,6833 Canary Terrace,Oklahoma City,Oklahoma
Waneta Steggals,19 Jackson Pass,San Diego,California
Alexei Hanhardt,962 Pleasure Alley,Minneapolis,Minnesota
Glory Faro,778 Westend Street,Denver,Colorado
Olympia Frunks,64 Oxford Way,El Paso,Texas
Darcey Fosdick,55745 8th Park,Minneapolis,Minnesota
Aloysia Worsfield,69 Grover Parkway,Jamaica,New York
Jada Gibbett,876 South Terrace,Tulsa,Oklahoma
Simeon Cheeney,5408 Florence Street,Gilbert,Arizona
Trumann Shilling,3 American Ash Circle,Oceanside,California
Giorgia Harsum,3 Old Gate Lane,Macon,Georgia
Buck Stockhill,39 Carey Junction,Wichita,Kansas
Karin Berrisford,059 Katie Avenue,Sioux Falls,South Dakota
Danie Daly,5 Sycamore Street,Charleston,West Virginia
Judye Fassmann,39036 Onsgard Way,Long Beach,California
Robert Laydel,9 Declaration Way,Columbus,Ohio
Ignatius Lodge,35926 Kinsman Center,Los Angeles,California
Myrah Sumner,6 High Crossing Lane,Jefferson City,Missouri
Paulita Gyurko,20 Jenna Point,Kansas City,Missouri
Melosa Drains,3285 Bowman Road,Jacksonville,Florida
Elvis Thurling,1385 Chinook Way,Dallas,Texas
Mara Jendrach,517 Haas Parkway,Silver Spring,Maryland
Jere Gander,83 Crescent Oaks Road,Kent,Washington
Malina Dumbarton,548 Hovde Plaza,Fresno,California
Pandora Gorman,11548 Acker Point,Houston,Texas
Jeniece Fantini,4081 Maple Wood Avenue,San Francisco,California
Herta Colclough,075 Lukken Place,Merrifield,Virginia
Marion Rathe,034 Lunder Center,Raleigh,North Carolina
Boniface Lukasik,046 Drewry Street,Madison,Wisconsin
Camel Catto,5 Kensington Junction,Peoria,Illinois
Hollyanne Tierney,105 Scoville Drive,Madison,Wisconsin
Noak Brannon,08 Luster Street,Las Vegas,Nevada
Farrell Picken,41 Fieldstone Junction,Detroit,Michigan
Ester O'Shields,9 Arizona Center,Washington,District of Columbia
Gris Wybron,50950 Johnson Plaza,Jackson,Mississippi
Sabina Algar,10 Pearson Road,Monroe,Louisiana
Lyssa Sindall,2439 Doe Crossing Pass,Birmingham,Alabama
Devonne Wardale,7761 Ridge Oak Court,Cincinnati,Ohio
Hazel Sharratt,9699 Everett Junction,Tulsa,Oklahoma
Abbe Coggings,03508 Anniversary Lane,Detroit,Michigan
Jephthah Elwel,7131 Fordem Alley,Tucson,Arizona
Pasquale Collimore,9 Oriole Way,Pittsburgh,Pennsylvania
Lilla Luca,0 Glendale Junction,Erie,Pennsylvania
Linnea Harome,307 Eggendart Court,Columbia,Missouri
Maisie Burbank,812 Golf Drive,Washington,District of Columbia
Jojo Tibols,599 Reinke Alley,Oklahoma City,Oklahoma
Sterne Gratton,5558 Corscot Center,Savannah,Georgia
Vladamir Aysh,35376 Clove Avenue,Longview,Texas
Roslyn Windous,6532 Talisman Way,Waterloo,Iowa
Arlene Saull,081 Vernon Place,Tucson,Arizona
Westley Henstone,64274 Jenna Terrace,Houston,Texas
Herschel Ainsley,51486 Golf View Avenue,Lexington,Kentucky
Mollie Bridywater,10 Shelley Trail,Fresno,California
Elfrieda Cleaton,24005 Golf View Street,Cincinnati,Ohio
Seka Snugg,6 Longview Plaza,Marietta,Georgia
Daune Feldberger,558 Autumn Leaf Junction,Akron,Ohio
Myles Igoe,549 Superior Pass,San Jose,California
Abigale Ronci,294 Fremont Drive,San Jose,California
Mara Belasco,07310 Hauk Crossing,Baton Rouge,Louisiana
Donella Randlesome,23 Ramsey Avenue,Charleston,West Virginia
Emlynn Tomkin,34 Elgar Park,Pocatello,Idaho
Parsifal Lydster,8464 Dexter Circle,Jackson,Mississippi
Sibby Braidwood,4930 Summer Ridge Court,New York City,New York
Ximenez Ivanovic,464 Oak Valley Parkway,Garden Grove,California
Goldina Founds,5811 New Castle Crossing,Greensboro,North Carolina
Lynnea Woolham,4 Dunning Park,Sacramento,California
Enrico Dewey,4 Melvin Place,New York City,New York
Duffy Speake,046 Springview Point,East Saint Louis,Illinois
Jessa Arthurs,17 Warrior Plaza,Oakland,California
Farand Beiderbeck,383 Stephen Hill,New York City,New York
Jenni Fulham,828 Corscot Parkway,Lexington,Kentucky
Gar Baudouin,8 Bonner Plaza,Bronx,New York
Biddie Cody,49359 Butterfield Plaza,Davenport,Iowa
Gustaf Piwall,7713 Pennsylvania Parkway,Washington,District of Columbia
Chloette Rapier,782 Trailsway Trail,Cape Coral,Florida
Demetrius Wakelam,9431 Tennyson Parkway,Palmdale,California
Vonnie O' Hogan,973 Fairfield Way,Gainesville,Georgia
Min Skippon,0 Dapin Terrace,Colorado Springs,Colorado
Jesse Lieber,88 Portage Place,Lynchburg,Virginia
Heall Janusik,0 Ridge Oak Plaza,Marietta,Georgia
Rani Atto,020 Myrtle Trail,Las Vegas,Nevada
Josephina Clapison,9582 Blaine Hill,Augusta,Georgia
Guntar Olivie,8 Laurel Court,Madison,Wisconsin
Deeanne Kahn,45284 Shopko Alley,Jackson,Tennessee
Lorne MacElane,7 Schlimgen Center,Erie,Pennsylvania
Price Duckit,0857 Bowman Circle,Dallas,Texas
Jasmin Penreth,5922 Paget Plaza,Largo,Florida
Valentia Guidoni,14 Grover Hill,Herndon,Virginia
Wendye Aronsohn,4 Nevada Street,Norfolk,Virginia
Nataline Raymont,9 Sommers Street,Miami,Florida
Eunice Bielefeld,31513 Emmet Point,Muncie,Indiana
Rheba Dorsett,2 Shasta Junction,Young America,Minnesota
Kingsley Gillio,9 Spohn Alley,Huntsville,Alabama
Gwendolen Byatt,232 Manufacturers Drive,Fort Worth,Texas
Gilbertina Kolak,483 Hintze Place,Orlando,Florida
Estrellita Dickins,1642 Barnett Road,Waterloo,Iowa
Nadia Dowsett,4 Spaight Court,Lincoln,Nebraska
Corby Carletto,456 Morrow Park,Philadelphia,Pennsylvania
Annabal Salan,500 Sheridan Road,Long Beach,California
Fania Still,48962 Vermont Trail,Duluth,Georgia
Horatia Drewitt,13729 5th Point,Colorado Springs,Colorado
Jeniece Swalowe,894 Crest Line Lane,Dallas,Texas
Terri Storck,93 Eagan Plaza,Houston,Texas
Burke Teeney,1 Sachtjen Alley,Nashville,Tennessee
Auberon Roe,162 Garrison Crossing,Washington,District of Columbia
Lois Freckelton,81726 Susan Place,Minneapolis,Minnesota
Galvan Kopta,84040 Barby Place,Springfield,Missouri
Donica Maker,7434 Loftsgordon Point,Saint Paul,Minnesota
Mame Hise,81 Lukken Pass,Duluth,Minnesota
Wendye Gorham,754 Lerdahl Court,Fort Smith,Arkansas
Jedediah Pafford,3460 Morningstar Street,Washington,District of Columbia
Althea Helks,7540 Upham Crossing,Omaha,Nebraska
Vivianna McGonagle,9130 Starling Trail,Savannah,Georgia
Dory Nobbs,4 Harper Terrace,Washington,District of Columbia
Odelia Petkov,2 Manitowish Street,El Paso,Texas
Arri Cutmere,0643 North Center,Stockton,California
Hettie Terrey,202 Paget Plaza,Aiken,South Carolina
Aloysius Morecombe,432 Logan Place,Beaufort,South Carolina
Deane Smithen,036 Merchant Place,Pittsburgh,Pennsylvania
Tommy Blythe,3 Dryden Plaza,Alexandria,Louisiana
Barnabas Toulson,1 Fulton Plaza,Boise,Idaho
Appolonia Roddie,467 Hauk Crossing,Vero Beach,Florida
Sal Duerden,20434 Homewood Lane,Phoenix,Arizona
Katinka Fidelus,51 Russell Court,Honolulu,Hawaii
Jannel Greensides,8091 Oneill Lane,Detroit,Michigan
Avigdor Dilston,753 Nevada Way,Flushing,New York
Michail Neathway,5 Corscot Road,Daytona Beach,Florida
Marcella Boxall,65650 2nd Way,Tampa,Florida
Johnette Medland,8308 Esch Circle,Mansfield,Ohio
Tildi Priter,023 Upham Crossing,Kansas City,Missouri
Chastity Roubay,35 Forest Dale Place,Chicago,Illinois
Kingston Blitzer,50631 Eastwood Pass,Fairfax,Virginia
Nara Crowther,81840 Schmedeman Pass,Los Angeles,California
Cindi Busfield,0 Butterfield Road,Littleton,Colorado
Martha Braisby,945 Thierer Hill,Appleton,Wisconsin
Damon Curcher,9 Scofield Point,Ocala,Florida
Emmerich Reeves,5 Dapin Plaza,Wichita,Kansas
Ugo Rubury,946 Vahlen Drive,Irvine,California
Magdaia Sawer,15411 Mesta Terrace,Lynn,Massachusetts
Lindsey Gosby,11093 Hanson Park,Flushing,New York
Sherilyn Gosneye,345 Daystar Pass,Lubbock,Texas
Kacy Oris,88 Annamark Trail,Tampa,Florida
Delilah Gibbeson,29938 Susan Terrace,Charleston,West Virginia
Joni McEnteggart,962 Starling Park,Richmond,Virginia
Bridget Fawson,43170 Anhalt Way,Pittsburgh,Pennsylvania
Brook Relfe,55 Service Avenue,Des Moines,Iowa
Bentley Browett,5318 Rowland Drive,Dayton,Ohio
Ashia Nowakowski,70151 Leroy Parkway,Utica,New York
Guthry Merrigans,94451 Welch Center,Peoria,Arizona
Benjamin Pinilla,6101 Rowland Alley,Phoenix,Arizona
Grover Aldins,6902 Oneill Alley,Naples,Florida
Donelle Pacquet,207 Menomonie Terrace,Reading,Pennsylvania
Constantia Cavell,010 Lawn Place,Corpus Christi,Texas
Alfred Poulsen,5 Haas Point,Clearwater,Florida
Leighton Egarr,0565 Pleasure Court,Huntington,West Virginia
Kermit Paynton,050 Badeau Alley,Miami,Florida
Brandyn Goodlake,845 Caliangt Lane,Bradenton,Florida
Em Rintoul,13 Glacier Hill Parkway,Saint Louis,Missouri
Nickola Caselli,076 Sheridan Place,Albany,New York
Catarina Arney,13 Dakota Court,York,Pennsylvania
Dirk Frankema,50483 New Castle Parkway,Washington,District of Columbia
Kimbell Davidov,8 Muir Place,Charleston,West Virginia
Myles Avramow,6961 Golf View Court,Sarasota,Florida
Bernardina Gini,82 Hansons Way,Kansas City,Missouri
Barri Goldstein,7627 Stuart Circle,Lansing,Michigan
Lindon Alison,24 Service Drive,Chesapeake,Virginia
Zechariah Sevin,9 Loftsgordon Junction,Spring Hill,Florida
Sallee Goudge,1 Bonner Place,Minneapolis,Minnesota
Zared Gonin,0289 School Way,Charlotte,North Carolina
Alwin Fieldhouse,96111 Shasta Plaza,Saint Paul,Minnesota
Opalina Pearle,05 Schmedeman Park,West Palm Beach,Florida
Torrey Klainer,19 Clyde Gallagher Hill,Minneapolis,Minnesota
Waring Mufford,9 Farwell Pass,Saginaw,Michigan
Frasco Doulton,128 Cascade Place,Lubbock,Texas
Shirley Hampstead,48 Farmco Alley,Dallas,Texas
Hank Burtwistle,1572 Merrick Hill,Minneapolis,Minnesota
Broderic Tremberth,22 Brentwood Circle,Helena,Montana
Sheree Ramard,7557 Barby Avenue,Toledo,Ohio
Lyndell Kubis,857 Lukken Avenue,Lubbock,Texas
Westleigh Rekes,13751 Spenser Alley,Amarillo,Texas
Kelvin MacCaffrey,1634 Hazelcrest Trail,Charlotte,North Carolina
Harlene Maharey,6 Norway Maple Street,Ashburn,Virginia
Tish Santus,647 Oakridge Road,Houston,Texas
Evelyn Lawly,2844 Elka Trail,San Jose,California
Marni Espley,39751 Lien Terrace,Odessa,Texas
Eula Jerche,093 Thierer Crossing,Kansas City,Missouri
Constantina Rama,9 Upham Road,Houston,Texas
De Nussii,921 Warrior Junction,Austin,Texas
Mil Sudworth,72 Butterfield Park,Boise,Idaho
Gwen Siggs,92504 Gulseth Crossing,Nashville,Tennessee
Evered Managh,61 Packers Avenue,Milwaukee,Wisconsin
Lexine Propper,4221 1st Court,Norfolk,Virginia
Eleonore Gilvary,69749 Harbort Avenue,Washington,District of Columbia
Anabella Landre,948 Jenifer Road,Richmond,Virginia
Saidee Shortall,0 Golden Leaf Trail,Tampa,Florida
Moira Heymann,1 Kensington Court,Philadelphia,Pennsylvania
Chet Leile,728 Homewood Avenue,Jamaica,New York
Lorelle Zarfat,44 Cardinal Junction,Springfield,Illinois
Keslie Schaffler,753 Emmet Park,Huntington,West Virginia
Annabelle Whitmore,82126 Memorial Court,Fresno,California
Adan Wales,653 Oxford Center,Oklahoma City,Oklahoma
Rriocard Birrel,172 Beilfuss Street,Kalamazoo,Michigan
Gun Vautrey,9 Springs Point,Wilmington,Delaware
Nickolaus Castagnone,975 Shopko Junction,Seattle,Washington
Nickolas Briffett,4 South Point,Clearwater,Florida
Maurizia Van Arsdalen,1 Stoughton Way,Fresno,California
Meris Rewcastle,1 Bay Street,Van Nuys,California
Leland Cookman,4 Schurz Road,Springfield,Massachusetts
Sarajane Gonnet,1674 Kropf Parkway,Los Angeles,California
Abie Pinnijar,2 Elmside Avenue,Washington,District of Columbia
Natalya Blore,31749 Southridge Place,Oklahoma City,Oklahoma
Felice Petrazzi,11 Montana Street,Gatesville,Texas
Meir Riceards,33094 Dapin Circle,Houston,Texas
Claudian Eagan,052 Upham Center,Waco,Texas
Vinni Awdry,49327 Basil Crossing,Ashburn,Virginia
Carole Woodvine,6590 Sachs Junction,Pasadena,California
Nikki Thody,12339 Maple Wood Terrace,San Antonio,Texas
Welsh Wallentin,52152 Pierstorff Plaza,Toledo,Ohio
Clarey Kittiman,5 Luster Junction,Cincinnati,Ohio
Celinda Paradis,71369 Westridge Court,New York City,New York
Hillard Dysart,215 Longview Hill,Roanoke,Virginia
Euphemia Vaisey,778 Golf Junction,Columbus,Ohio
Benito McMurrugh,7 Briar Crest Pass,Fort Lauderdale,Florida
Tristam Gell,31 Nova Junction,Virginia Beach,Virginia
Frannie Mardling,938 Summer Ridge Way,Pensacola,Florida
Melita Willimont,3 Farwell Park,Dallas,Texas
Kamila Lourenco,37466 Hudson Court,Atlanta,Georgia
Barnard Deschlein,58 Grayhawk Terrace,Newark,New Jersey
Jerrylee Swannie,04 Boyd Parkway,Brockton,Massachusetts
Clement Alden,6 Oak Hill,Dallas,Texas
